{
	"credit": "Made with Blockbench",
	"parent": "minecraft:block/block",
	"textures": {
		"bars": "block/iron_bars"
	},
	"elements": [
		{
			"name": "Middle Bar",
			"from": [0, 7, 7],
			"to": [16, 9, 9],
			"faces": {
				"north": {"uv": [7, 0, 9, 16], "rotation": 90, "texture": "#bars"},
				"east": {"uv": [7, 0, 9, 2], "rotation": 90, "texture": "#bars"},
				"south": {"uv": [7, 0, 9, 16], "rotation": 90, "texture": "#bars"},
				"west": {"uv": [7, 14, 9, 16], "rotation": 90, "texture": "#bars"},
				"up": {"uv": [9, 0, 11, 16], "rotation": 90, "texture": "#bars"},
				"down": {"uv": [5, 0, 7, 16], "rotation": 90, "texture": "#bars"}
			}
		},
		{
			"name": "Vertical Bar 1",
			"from": [2, 0, 7.99],
			"to": [4, 16, 8.01],
			"faces": {
				"north": {"uv": [1, 0, 3, 16], "texture": "#bars"},
				"south": {"uv": [1, 0, 3, 16], "texture": "#bars"}
			}
		},
		{
			"name": "Vertical Bar 2",
			"from": [7, 0, 7.99],
			"to": [9, 16, 8.01],
			"faces": {
				"north": {"uv": [1, 0, 3, 16], "texture": "#bars"},
				"south": {"uv": [1, 0, 3, 16], "texture": "#bars"}
			}
		},
		{
			"name": "Vertical Bar 3",
			"from": [12, 0, 7.99],
			"to": [14, 16, 8.01],
			"faces": {
				"north": {"uv": [1, 0, 3, 16], "texture": "#bars"},
				"south": {"uv": [1, 0, 3, 16], "texture": "#bars"}
			}
		}
	],
	"display": {
		"thirdperson_righthand": {
			"rotation": [75, 45, 0],
			"translation": [0, 2.5, 0],
			"scale": [0.375, 0.375, 0.375]
		},
		"thirdperson_lefthand": {
			"rotation": [75, 45, 0],
			"translation": [0, 2.5, 0],
			"scale": [0.375, 0.375, 0.375]
		},
		"firstperson_righthand": {
			"rotation": [0, -45, 0],
			"scale": [0.4, 0.4, 0.4]
		},
		"firstperson_lefthand": {
			"rotation": [0, 135, 0],
			"scale": [0.4, 0.4, 0.4]
		}
	}
}