{
  "type": "minecraft:block",
  "pools": [
    {
      "rolls": 1.0,
      "bonus_rolls": 0.0,
      "entries": [
        {
          "type": "minecraft:item",
          "functions": [
            {
              "function": "minecraft:set_count",
              "conditions": [
                {
                  "condition": "minecraft:block_state_property",
                  "block": "immersive_weathering:cracked_deepslate_tile_slab",
                  "properties": {
                    "type": "double"
                  }
                }
              ],
              "count": 2.0,
              "add": false
            },
            {
              "function": "minecraft:explosion_decay"
            }
          ],
          "name": "immersive_weathering:cracked_deepslate_tile_slab"
        }
      ]
    }
  ]
}