{
  "type": "minecraft:block",
  "pools": [
    {
      "rolls": 1,
      "bonus_rolls": 0,
      "entries": [
        {
          "type": "minecraft:item",
          "name": "immersive_weathering:frost",
          "functions": [
            {
              "function": "minecraft:set_count",
              "count": 1,
              "add": true,
              "conditions": [
                {
                  "condition": "minecraft:block_state_property",
                  "block": "immersive_weathering:frost",
                  "properties": {
                    "east": "true"
                  }
                }
              ]
            },
            {
              "function": "minecraft:set_count",
              "count": 1,
              "add": true,
              "conditions": [
                {
                  "condition": "minecraft:block_state_property",
                  "block": "immersive_weathering:frost",
                  "properties": {
                    "west": "true"
                  }
                }
              ]
            },
            {
              "function": "minecraft:set_count",
              "count": 1,
              "add": true,
              "conditions": [
                {
                  "condition": "minecraft:block_state_property",
                  "block": "immersive_weathering:frost",
                  "properties": {
                    "north": "true"
                  }
                }
              ]
            },
            {
              "function": "minecraft:set_count",
              "count": 1,
              "add": true,
              "conditions": [
                {
                  "condition": "minecraft:block_state_property",
                  "block": "immersive_weathering:frost",
                  "properties": {
                    "south": "true"
                  }
                }
              ]
            },
            {
              "function": "minecraft:set_count",
              "count": 1,
              "add": true,
              "conditions": [
                {
                  "condition": "minecraft:block_state_property",
                  "block": "immersive_weathering:frost",
                  "properties": {
                    "up": "true"
                  }
                }
              ]
            },
            {
              "function": "minecraft:set_count",
              "count": 1,
              "add": true,
              "conditions": [
                {
                  "condition": "minecraft:block_state_property",
                  "block": "immersive_weathering:frost",
                  "properties": {
                    "down": "true"
                  }
                }
              ]
            },
            {
              "function": "minecraft:set_count",
              "count": -1,
              "add": true
            }
          ]
        }
      ],
      "conditions": [
        {
          "condition": "minecraft:match_tool",
          "predicate": {
            "enchantments": [
              {
                "enchantment": "minecraft:silk_touch"
              }
            ]
          }
        }
      ]
    }
  ]
}
