{
  "type": "minecraft:block",
  "pools": [
    {
      "rolls": 1,
      "bonus_rolls": 0,
      "entries": [
        {
          "type": "minecraft:item",
          "name": "immersive_weathering:ivy",
          "functions": [
            {
              "function": "minecraft:set_count",
              "count": 1,
              "add": true,
              "conditions": [
                {
                  "condition": "minecraft:block_state_property",
                  "block": "immersive_weathering:ivy",
                  "properties": {
                    "east": "true"
                  }
                }
              ]
            },
            {
              "function": "minecraft:set_count",
              "count": 1,
              "add": true,
              "conditions": [
                {
                  "condition": "minecraft:block_state_property",
                  "block": "immersive_weathering:ivy",
                  "properties": {
                    "west": "true"
                  }
                }
              ]
            },
            {
              "function": "minecraft:set_count",
              "count": 1,
              "add": true,
              "conditions": [
                {
                  "condition": "minecraft:block_state_property",
                  "block": "immersive_weathering:ivy",
                  "properties": {
                    "north": "true"
                  }
                }
              ]
            },
            {
              "function": "minecraft:set_count",
              "count": 1,
              "add": true,
              "conditions": [
                {
                  "condition": "minecraft:block_state_property",
                  "block": "immersive_weathering:ivy",
                  "properties": {
                    "south": "true"
                  }
                }
              ]
            },
            {
              "function": "minecraft:set_count",
              "count": 1,
              "add": true,
              "conditions": [
                {
                  "condition": "minecraft:block_state_property",
                  "block": "immersive_weathering:ivy",
                  "properties": {
                    "up": "true"
                  }
                }
              ]
            },
            {
              "function": "minecraft:set_count",
              "count": 1,
              "add": true,
              "conditions": [
                {
                  "condition": "minecraft:block_state_property",
                  "block": "immersive_weathering:ivy",
                  "properties": {
                    "down": "true"
                  }
                }
              ]
            },
            {
              "function": "minecraft:set_count",
              "count": -1,
              "add": true
            },
            {
              "function": "minecraft:explosion_decay"
            }
          ],
          "conditions": [
            {
              "condition": "minecraft:match_tool",
              "predicate": {
                "items": [
                  "minecraft:shears"
                ]
              }
            }
          ]
        }
      ]
    }
  ]
}
