{
  "type": "minecraft:block",
  "pools": [
    {
      "rolls": 1,
      "bonus_rolls": 0,
      "entries": [
        {
          "type": "minecraft:item",
          "name": "immersive_weathering:sand_layer_block",
          "functions": [
            {
              "function": "minecraft:set_count",
              "count": 2,
              "conditions": [
                {
                  "condition": "minecraft:block_state_property",
                  "block": "immersive_weathering:sandy_cobblestone",
                  "properties": {
                    "sandiness": "1"
                  }
                }
              ]
            }
          ]
        }
      ],
      "conditions": [
        {
          "condition": "minecraft:inverted",
          "term": {
            "condition": "minecraft:match_tool",
            "predicate": {
              "enchantments": [
                {
                  "enchantment": "minecraft:silk_touch",
                  "levels": {
                    "min": 1
                  }
                }
              ]
            }
          }
        },
        {
          "condition": "minecraft:survives_explosion"
        }
      ]
    },
    {
      "bonus_rolls": 0.0,
      "entries": [
        {
          "type": "minecraft:alternatives",
          "children": [
            {
              "type": "minecraft:item",
              "conditions": [
                {
                  "condition": "minecraft:match_tool",
                  "predicate": {
                    "enchantments": [
                      {
                        "enchantment": "minecraft:silk_touch",
                        "levels": {
                          "min": 1
                        }
                      }
                    ]
                  }
                }
              ],
              "name": "immersive_weathering:sandy_cobblestone"
            },
            {
              "type": "minecraft:item",
              "conditions": [
                {
                  "condition": "minecraft:survives_explosion"
                }
              ],
              "name": "minecraft:cobblestone"
            }
          ]
        }
      ],
      "rolls": 1.0
    }
  ]
}