{
  "type": "minecraft:block",
  "pools": [
    {
      "rolls": 1,
      "bonus_rolls": 0,
      "entries": [
        {
          "type": "minecraft:alternatives",
          "children": [
            {
              "type": "minecraft:alternatives",
              "children": [
                {
                  "type": "minecraft:item",
                  "name": "immersive_weathering:spruce_leaf_pile",
                  "conditions": [
                    {
                      "condition": "minecraft:alternative",
                      "terms": [
                        {
                          "condition": "minecraft:match_tool",
                          "predicate": {
                            "enchantments": [
                              {
                                "enchantment": "minecraft:silk_touch"
                              }
                            ]
                          }
                        },
                        {
                          "condition": "minecraft:match_tool",
                          "predicate": {
                            "items": [
                              "minecraft:shears"
                            ]
                          }
                        }
                      ]
                    },
                    {
                      "condition": "minecraft:block_state_property",
                      "block": "immersive_weathering:spruce_leaf_pile",
                      "properties": {
                        "layers": "0"
                      }
                    }
                  ]
                },
                {
                  "type": "minecraft:item",
                  "name": "immersive_weathering:spruce_leaf_pile",
                  "conditions": [
                    {
                      "condition": "minecraft:alternative",
                      "terms": [
                        {
                          "condition": "minecraft:match_tool",
                          "predicate": {
                            "enchantments": [
                              {
                                "enchantment": "minecraft:silk_touch"
                              }
                            ]
                          }
                        },
                        {
                          "condition": "minecraft:match_tool",
                          "predicate": {
                            "items": [
                              "minecraft:shears"
                            ]
                          }
                        }
                      ]
                    },
                    {
                      "condition": "minecraft:block_state_property",
                      "block": "immersive_weathering:spruce_leaf_pile",
                      "properties": {
                        "layers": "1"
                      }
                    }
                  ]
                },
                {
                  "type": "minecraft:item",
                  "name": "immersive_weathering:spruce_leaf_pile",
                  "functions": [
                    {
                      "function": "minecraft:set_count",
                      "count": 2,
                      "add": false
                    }
                  ],
                  "conditions": [
                    {
                      "condition": "minecraft:alternative",
                      "terms": [
                        {
                          "condition": "minecraft:match_tool",
                          "predicate": {
                            "enchantments": [
                              {
                                "enchantment": "minecraft:silk_touch"
                              }
                            ]
                          }
                        },
                        {
                          "condition": "minecraft:match_tool",
                          "predicate": {
                            "items": [
                              "minecraft:shears"
                            ]
                          }
                        }
                      ]
                    },
                    {
                      "condition": "minecraft:block_state_property",
                      "block": "immersive_weathering:spruce_leaf_pile",
                      "properties": {
                        "layers": "2"
                      }
                    }
                  ]
                },
                {
                  "type": "minecraft:item",
                  "name": "immersive_weathering:spruce_leaf_pile",
                  "functions": [
                    {
                      "function": "minecraft:set_count",
                      "count": 3,
                      "add": false
                    }
                  ],
                  "conditions": [
                    {
                      "condition": "minecraft:alternative",
                      "terms": [
                        {
                          "condition": "minecraft:match_tool",
                          "predicate": {
                            "enchantments": [
                              {
                                "enchantment": "minecraft:silk_touch"
                              }
                            ]
                          }
                        },
                        {
                          "condition": "minecraft:match_tool",
                          "predicate": {
                            "items": [
                              "minecraft:shears"
                            ]
                          }
                        }
                      ]
                    },
                    {
                      "condition": "minecraft:block_state_property",
                      "block": "immersive_weathering:spruce_leaf_pile",
                      "properties": {
                        "layers": "3"
                      }
                    }
                  ]
                },
                {
                  "type": "minecraft:item",
                  "name": "immersive_weathering:spruce_leaf_pile",
                  "functions": [
                    {
                      "function": "minecraft:set_count",
                      "count": 4,
                      "add": false
                    }
                  ],
                  "conditions": [
                    {
                      "condition": "minecraft:alternative",
                      "terms": [
                        {
                          "condition": "minecraft:match_tool",
                          "predicate": {
                            "enchantments": [
                              {
                                "enchantment": "minecraft:silk_touch"
                              }
                            ]
                          }
                        },
                        {
                          "condition": "minecraft:match_tool",
                          "predicate": {
                            "items": [
                              "minecraft:shears"
                            ]
                          }
                        }
                      ]
                    },
                    {
                      "condition": "minecraft:block_state_property",
                      "block": "immersive_weathering:spruce_leaf_pile",
                      "properties": {
                        "layers": "4"
                      }
                    }
                  ]
                },
                {
                  "type": "minecraft:item",
                  "name": "immersive_weathering:spruce_leaf_pile",
                  "functions": [
                    {
                      "function": "minecraft:set_count",
                      "count": 5,
                      "add": false
                    }
                  ],
                  "conditions": [
                    {
                      "condition": "minecraft:alternative",
                      "terms": [
                        {
                          "condition": "minecraft:match_tool",
                          "predicate": {
                            "enchantments": [
                              {
                                "enchantment": "minecraft:silk_touch"
                              }
                            ]
                          }
                        },
                        {
                          "condition": "minecraft:match_tool",
                          "predicate": {
                            "items": [
                              "minecraft:shears"
                            ]
                          }
                        }
                      ]
                    },
                    {
                      "condition": "minecraft:block_state_property",
                      "block": "immersive_weathering:spruce_leaf_pile",
                      "properties": {
                        "layers": "5"
                      }
                    }
                  ]
                },
                {
                  "type": "minecraft:item",
                  "name": "immersive_weathering:spruce_leaf_pile",
                  "functions": [
                    {
                      "function": "minecraft:set_count",
                      "count": 6,
                      "add": false
                    }
                  ],
                  "conditions": [
                    {
                      "condition": "minecraft:alternative",
                      "terms": [
                        {
                          "condition": "minecraft:match_tool",
                          "predicate": {
                            "enchantments": [
                              {
                                "enchantment": "minecraft:silk_touch"
                              }
                            ]
                          }
                        },
                        {
                          "condition": "minecraft:match_tool",
                          "predicate": {
                            "items": [
                              "minecraft:shears"
                            ]
                          }
                        }
                      ]
                    },
                    {
                      "condition": "minecraft:block_state_property",
                      "block": "immersive_weathering:spruce_leaf_pile",
                      "properties": {
                        "layers": "6"
                      }
                    }
                  ]
                },
                {
                  "type": "minecraft:item",
                  "name": "immersive_weathering:spruce_leaf_pile",
                  "functions": [
                    {
                      "function": "minecraft:set_count",
                      "count": 7,
                      "add": false
                    }
                  ],
                  "conditions": [
                    {
                      "condition": "minecraft:alternative",
                      "terms": [
                        {
                          "condition": "minecraft:match_tool",
                          "predicate": {
                            "enchantments": [
                              {
                                "enchantment": "minecraft:silk_touch"
                              }
                            ]
                          }
                        },
                        {
                          "condition": "minecraft:match_tool",
                          "predicate": {
                            "items": [
                              "minecraft:shears"
                            ]
                          }
                        }
                      ]
                    },
                    {
                      "condition": "minecraft:block_state_property",
                      "block": "immersive_weathering:spruce_leaf_pile",
                      "properties": {
                        "layers": "7"
                      }
                    }
                  ]
                },
                {
                  "type": "minecraft:item",
                  "name": "minecraft:spruce_leaves",
                  "conditions": [
                    {
                      "condition": "minecraft:alternative",
                      "terms": [
                        {
                          "condition": "minecraft:match_tool",
                          "predicate": {
                            "enchantments": [
                              {
                                "enchantment": "minecraft:silk_touch"
                              }
                            ]
                          }
                        },
                        {
                          "condition": "minecraft:match_tool",
                          "predicate": {
                            "items": [
                              "minecraft:shears"
                            ]
                          }
                        }
                      ]
                    },
                    {
                      "condition": "minecraft:block_state_property",
                      "block": "immersive_weathering:spruce_leaf_pile",
                      "properties": {
                        "layers": "8"
                      }
                    }
                  ]
                },
                {
                  "type": "minecraft:item",
                  "name": "minecraft:stick",
                  "conditions": [
                    {
                      "condition": "minecraft:random_chance",
                      "chance": 0.125
                    }
                  ]
                }
              ]
            }
          ]
        }
      ]
    }
  ]
}
