{
  "conditions": [
    {
      "type": "supplementaries:flag",
      "flag": "planter"
    },
    {
      "modid": "farmersdelight",
      "type": "forge:mod_loaded"
    }
  ],
  "type": "minecraft:crafting_shaped",
  "pattern": [
    "101",
    "121",
    "111"
  ],
  "key": {
    "1": {
      "item": "minecraft:brick"
    },
    "0": {
      "item": "minecraft:bone_meal"
    },
    "2": {
      "item": "immersive_weathering:mulch_block"
    }
  },
  "result": {
    "item": "supplementaries:planter_rich",
    "count": 1
  }
}