{
    "providers": [

    { "type": "bitmap",
            "file": "minecraft:font/raid.png",
            "ascent": 13, "height": 52,
            "chars": ["\uE903"]
        },
	{ "type": "bitmap",
            "file": "minecraft:font/ferrous.png",
            "ascent": 13, "height": 52,
            "chars": ["\uE904"]
        },
	{ "type": "bitmap",
            "file": "minecraft:font/frostmaw.png",
            "ascent": 13, "height": 52,
            "chars": ["\uE905"]
        },
	{ "type": "bitmap",
            "file": "minecraft:font/wither.png",
            "ascent": 13, "height": 52,
            "chars": ["\uE906"]
        },
	{ "type": "bitmap",
            "file": "minecraft:font/enderdragon.png",
            "ascent": 13, "height": 52,
            "chars": ["\uE907"]
        },
    { "type": "bitmap",
            "file": "minecraft:font/ignis.png",
            "ascent": 18, "height": 64,
            "chars": ["\uE908"]
        },
    { "type": "bitmap",
            "file": "minecraft:font/swampjaw.png",
            "ascent": 13, "height": 52,
            "chars": ["\uE910"]
        },
    { "type": "bitmap",
            "file": "minecraft:font/witherstorm.png",
            "ascent": 18, "height": 64,
            "chars": ["\uE911"]
        }
    ]
}
