{
  "type": "minecraft:block",
  "pools": [
    {
      "bonus_rolls": 0.0,
      "entries": [
        {
          "type": "minecraft:alternatives",
          "children": [
            {
              "type": "minecraft:item",
              "conditions": [
                {
                  "condition": "minecraft:match_tool",
                  "predicate": {
                    "enchantments": [
                      {
                        "enchantment": "minecraft:silk_touch",
                        "levels": {
                          "min": 1
                        }
                      }
                    ]
                  }
                }
              ],
              "name": "create:zinc_ore"
            }
          ]
        }
      ],
      "rolls": 1.0
    },
	{
      "bonus_rolls": 0.0,
      "conditions": [
        {
          "condition": "minecraft:inverted",
          "term": {
            "condition": "minecraft:alternative",
            "terms": [
              {
                "condition": "minecraft:match_tool",
                "predicate": {
                  "tag": "minecraft:good_pickaxe"
                }
              },
              {
                "condition": "minecraft:match_tool",
                "predicate": {
                  "enchantments": [
                    {
                      "enchantment": "minecraft:silk_touch",
                      "levels": {
                        "min": 1
                      }
                    }
                  ]
                }
              }
            ]
          }
        }
      ],
      "entries": [
        {
          "type": "minecraft:alternatives",
          "children": [
            {
              "type": "minecraft:item",
              "functions": [
                {
                  "add": false,
                  "count": {
                    "type": "minecraft:uniform",
                    "max": 3.0,
                    "min": 1.0
                  },
                  "function": "minecraft:set_count"
                },
                {
                  "enchantment": "minecraft:fortune",
                  "formula": "minecraft:ore_drops",
                  "function": "minecraft:apply_bonus"
                },
                {
                  "function": "minecraft:explosion_decay"
                }
              ],
              "name": "create:zinc_nugget"
            }
          ]
        }
      ],
      "rolls": 1.0
    },
	{
      "bonus_rolls": 0.0,
      "conditions": [
        {
          "condition": "minecraft:inverted",
          "term": {
            "condition": "minecraft:alternative",
            "terms": [
              {
                "condition": "minecraft:match_tool",
                "predicate": {
                  "tag": "minecraft:weak_pickaxe"
                }
              },
              {
                "condition": "minecraft:match_tool",
                "predicate": {
                  "enchantments": [
                    {
                      "enchantment": "minecraft:silk_touch",
                      "levels": {
                        "min": 1
                      }
                    }
                  ]
                }
              }
            ]
          }
        }
      ],
      "entries": [
        {
          "type": "minecraft:alternatives",
          "children": [
            {
              "type": "minecraft:item",
              "functions": [
                {
                  "add": false,
                  "count": {
                    "type": "minecraft:uniform",
                    "max": 1.0,
                    "min": 1.0
                  },
                  "function": "minecraft:set_count"
                },
                {
                  "enchantment": "minecraft:fortune",
                  "formula": "minecraft:ore_drops",
                  "function": "minecraft:apply_bonus"
                },
                {
                  "function": "minecraft:explosion_decay"
                }
              ],
              "name": "create:raw_zinc"
            }
          ]
        }
      ],
      "rolls": 1.0
    }
  ]
}