{   "ambientocclusion": false,
	"textures": {
		"particle": "block/iron_bars",
		"bars": "block/iron_bars"
	},
	"elements": [
		{   "from": [ 7, 0, 12 ],
			"to": [ 9, 16, 14 ],
			"faces": {
				"down":  { "uv": [ 4, 7, 2,  9 ], "texture": "#bars" },
				"up":    { "uv": [ 2, 7, 4,  9 ], "texture": "#bars" },
				"north": { "uv": [ 2, 0, 4, 16 ], "texture": "#bars" },
				"south": { "uv": [ 2, 0, 4, 16 ], "texture": "#bars" },
				"west":  { "uv": [ 2, 0, 4, 16 ], "texture": "#bars" },
				"east":  { "uv": [ 2, 0, 4, 16 ], "texture": "#bars" }
			}
		},
		{   "from": [ 7, 7, 14 ],
			"to": [ 9, 9, 16 ],
			"faces": {
				"down":  { "uv": [ 2, 7, 0, 9 ], "texture": "#bars" },
				"up":    { "uv": [ 2, 9, 0, 7 ], "rotation": 90, "texture": "#bars" },
				"south": { "uv": [ 0, 7, 2, 9 ], "texture": "#bars" },
				"west":  { "uv": [ 2, 7, 0, 9 ], "texture": "#bars" },
				"east":  { "uv": [ 0, 7, 2, 9 ], "texture": "#bars" }
			}
		},
		{   "from": [ 7, 12, 9 ],
			"to": [ 9, 14, 12 ],
			"faces": {
				"down":  { "uv": [ 7, 4, 4, 2 ], "rotation": 90, "texture": "#bars" },
				"up":    { "uv": [ 4, 2, 7, 4 ], "rotation": 90, "texture": "#bars" },
				"north": { "uv": [ 4, 2, 6, 4 ], "texture": "#bars" },
				"west":  { "uv": [ 7, 2, 4, 4 ], "texture": "#bars" },
				"east":  { "uv": [ 4, 2, 7, 4 ], "texture": "#bars" }
			}
		}
	]
}