{   "ambientocclusion": false,
	"textures": {
		"particle": "block/iron_bars",
		"edge": "block/iron_bars"
	},
	"elements": [
		{   "from": [ 7, 0, 7 ],
			"to": [ 9, 16, 9 ],
			"faces": {
				"down":  { "uv": [ 7, 7, 9,  9 ], "texture": "#edge" },
				"up":    { "uv": [ 7, 7, 9,  9 ], "texture": "#edge" },
				"north": { "uv": [ 7, 0, 9, 16 ], "texture": "#edge" },
				"south": { "uv": [ 7, 0, 9, 16 ], "texture": "#edge" },
				"west":  { "uv": [ 7, 0, 9, 16 ], "texture": "#edge" },
				"east":  { "uv": [ 7, 0, 9, 16 ], "texture": "#edge" }
			}
		}
	]
}