{
	"credit": "Made by Ensis",
	"parent": "minecraft:block/cube_column",
	"textures": {
		"2": "block/melon_bottom",
		"end": "block/melon_top",
		"particle": "block/melon_side",
		"side": "block/melon_side"
	},
	"elements": [
		{
			"name": "Melon",
			"from": [0, 0, 0],
			"to": [16, 16, 16],
			"faces": {
				"north": {"uv": [0, 0, 16, 16], "texture": "#side"},
				"east": {"uv": [0, 0, 16, 16], "texture": "#side"},
				"south": {"uv": [0, 0, 16, 16], "texture": "#side"},
				"west": {"uv": [0, 0, 16, 16], "texture": "#side"},
				"up": {"uv": [0, 0, 16, 16], "texture": "#end"},
				"down": {"uv": [0, 0, 16, 16], "texture": "#2"}
			}
		}
	]
}
Made by Ensis
