{
  "pools": [
    {
      "rolls": 1,
      "bonus_rolls": 0,
      "entries": [
        {
          "type": "minecraft:alternatives",
          "children": [
            {
              "type": "minecraft:item",
              "name": "immersive_weathering:moss_clump",
              "functions": [
                {
                  "function": "minecraft:set_count",
                  "count": {
                    "min": 5,
                    "max": 11
                  }
                }
              ]
            }
          ]
        }
      ]
    }
  ]
}
