{
	"credit": "Created by Stridey",
	"parent": "block/block",
	"textures": {
		"top": "block/big_dripleaf_top",
		"stem": "block/big_dripleaf_stem_full_tilt",
		"side": "block/big_dripleaf_side",
		"tip": "block/big_dripleaf_tip"
	},
	"elements": [
		{
			"from": [0, 15, 0],
			"to": [16, 15, 16],
			"shade": false,
			"rotation": {"angle": -45, "axis": "x", "origin": [8, 15, 16]},
			"faces": {
				"up": {"uv": [0, 0, 16, 16], "texture": "#top"},
				"down": {"uv": [16, 16, 0, 0], "texture": "#top"}
			}
		},
		{
			"from": [0, 11, 0],
			"to": [16, 15, 0],
			"shade": false,
			"rotation": {"angle": -45, "axis": "x", "origin": [8, 15, 16]},
			"faces": {
				"north": {"uv": [0, 0, 16, 4], "texture": "#tip"},
				"south": {"uv": [0, 0, 16, 4], "texture": "#tip"}
			}
		},
		{
			"from": [0, 11, 0],
			"to": [0.002, 15, 16],
			"shade": false,
			"rotation": {"angle": -45, "axis": "x", "origin": [8, 15, 16]},
			"faces": {
				"east": {"uv": [16, 0, 0, 4], "texture": "#side"},
				"west": {"uv": [0, 0, 16, 4], "texture": "#side", "cullface": "west"}
			}
		},
		{
			"from": [15.998, 11, 0],
			"to": [16, 15, 16],
			"shade": false,
			"rotation": {"angle": -45, "axis": "x", "origin": [8, 15, 16]},
			"faces": {
				"east": {"uv": [16, 0, 0, 4], "texture": "#side", "cullface": "east"},
				"west": {"uv": [0, 0, 16, 4], "texture": "#side"}
			}
		},
        {   "from": [ 2, 0, 12 ],
            "to": [ 14, 15, 12 ],
            "rotation": { "origin": [ 8, 8, 12 ], "axis": "y", "angle": 45 },
            "shade": false,
            "faces": {
                "north": { "uv": [ 2, 1, 14, 16 ], "texture": "#stem" },
                "south": { "uv": [ 2, 1, 14, 16 ], "texture": "#stem" }
            }
        },
        {   "from": [ 2, 0, 12 ],
            "to": [ 14, 15, 12 ],
            "rotation": { "origin": [ 8, 8, 12 ], "axis": "y", "angle": -45 },
            "shade": false,
            "faces": {
                "north": { "uv": [ 2, 1, 14, 16 ], "texture": "#stem" },
                "south": { "uv": [ 2, 1, 14, 16 ], "texture": "#stem" }
            }
        }
	]
}