{   "parent": "block/block",
    "textures": {
        "particle": "#texture"
    },
    "elements": [
        {   "from": [ 5, 6, 7 ],
            "to": [ 11, 10, 9 ],
            "faces": {
                "down":  { "texture": "#texture" },
                "up":    { "texture": "#texture" },
                "north": { "texture": "#texture" },
                "south": { "texture": "#texture" },
                "west":  { "texture": "#texture" },
                "east":  { "texture": "#texture" }
            }
        }
    ]
}
