{
    "parent": "block/cube",
    "display": {
        "firstperson_righthand": {
            "rotation": [ 0, 135, 0 ],
            "translation": [ 0, 0, 0 ],
            "scale": [ 0.40, 0.40, 0.40 ]
        }
    },
    "textures": {
        "particle": "block/pumpkin_side",
        "down": "block/pumpkin_bottom",
        "up": "block/pumpkin_top",
        "north": "block/carved_pumpkin",
        "east": "block/pumpkin_side",
        "south": "block/pumpkin_side",
        "west": "block/pumpkin_side"
    }
}
