{   "ambientocclusion": false,
	"textures": {
		"particle": "#top"
	},
	"elements": [
		{   "from": [ 2, 0, 0 ],
			"to": [ 3, 16, 16 ],
			"faces": {
				"up":    { "uv": [ 16,  1, 0,  0 ], "rotation": 270, "texture": "#top_edge", "cullface": "up" },
				"north": { "uv": [  0,  0,  1, 16 ], "texture": "#top_edge", "cullface": "north" },
				"south": { "uv": [ 15,  0, 16, 16 ], "texture": "#top_edge", "cullface": "south" },
				"east":  { "uv": [  0,  0, 16, 16 ], "texture": "#top_right" }
			}
		},
		{   "from": [ 0, 0, 0 ],
			"to": [ 2, 16, 16 ],
			"faces": {
				"up":    { "uv": [ 16, 16,  0, 14 ], "rotation": 270, "texture": "#bottom_edge", "cullface": "up"},
				"north": { "uv": [ 14,  0, 16, 16 ], "texture": "#top_edge", "cullface": "north"},
				"south": { "uv": [  0,  0,  2, 16 ], "texture": "#top_edge", "cullface": "south"},
				"west":  { "uv": [  0,  0, 16, 16 ], "texture": "#top", "cullface": "west"}
			}
		}
	]
}