{   "ambientocclusion": false,
	"textures": {
		"particle": "#bottom"
	},
	"elements": [
		{   "from": [ 0, 0, 0 ],
			"to": [ 2, 16, 16 ],
			"faces": {
				"down":  { "uv": [  0, 0, 16,  2 ], "rotation": 270, "texture": "#top_edge", "cullface": "down" },
				"north": { "uv": [ 14, 0, 16, 16 ], "texture": "#bottom_edge", "cullface": "north" },
				"south": { "uv": [  0, 0,  2, 16 ], "texture": "#bottom_edge", "cullface": "south" },
				"west":  { "uv": [  0, 0, 16, 16 ], "texture": "#bottom_right", "cullface": "west" }
			}
		},
		{   "from": [ 2, 0, 0 ],
			"to": [ 3, 16, 16 ],
			"faces": {
				"down":  { "uv": [  0, 15, 16, 16 ], "rotation": 270, "texture": "#bottom_edge", "cullface": "down" },
				"north": { "uv": [  0,  0,  1, 16 ], "texture": "#bottom_edge", "cullface": "north" },
				"south": { "uv": [ 15,  0, 16, 16 ], "texture": "#bottom_edge", "cullface": "south" },
				"east":  { "uv": [  0,  0, 16, 16 ], "texture": "#bottom" }
			}
		}
	]
}