{   "parent": "block/block",
    "ambientocclusion": false,
    "textures": {
        "particle": "block/dragon_egg",
        "all": "block/dragon_egg"
    },
    "elements": [
        {   "from": [ 6, 15, 6 ],
            "to": [ 10, 16, 10 ],
            "faces": {
                "down":  { "texture": "#all" },
                "up":    { "texture": "#all" },
                "north": { "texture": "#all" },
                "south": { "texture": "#all" },
                "west":  { "texture": "#all" },
                "east":  { "texture": "#all" }
            }
        },
        {   "from": [ 5, 14, 5 ],
            "to": [ 11, 15, 11 ],
            "faces": {
                "down":  { "texture": "#all" },
                "up":    { "texture": "#all" },
                "north": { "texture": "#all" },
                "south": { "texture": "#all" },
                "west":  { "texture": "#all" },
                "east":  { "texture": "#all" }
            }
        },
        {   "from": [ 5, 13, 5 ],
            "to": [ 11, 14, 11 ],
            "faces": {
                "down":  { "texture": "#all" },
                "up":    { "texture": "#all" },
                "north": { "texture": "#all" },
                "south": { "texture": "#all" },
                "west":  { "texture": "#all" },
                "east":  { "texture": "#all" }
            }
        },
        {   "from": [ 3, 11, 3 ],
            "to": [ 13, 13, 13 ],
            "faces": {
                "down":  { "texture": "#all" },
                "up":    { "texture": "#all" },
                "north": { "texture": "#all" },
                "south": { "texture": "#all" },
                "west":  { "texture": "#all" },
                "east":  { "texture": "#all" }
            }
        },
        {   "from": [ 2, 8, 2 ],
            "to": [ 14, 11, 14 ],
            "faces": {
                "down":  { "texture": "#all" },
                "up":    { "texture": "#all" },
                "north": { "texture": "#all" },
                "south": { "texture": "#all" },
                "west":  { "texture": "#all" },
                "east":  { "texture": "#all" }
            }
        },
        {   "from": [ 1, 3, 1 ],
            "to": [ 15, 8, 15 ],
            "faces": {
                "down":  { "texture": "#all" },
                "up":    { "texture": "#all" },
                "north": { "texture": "#all" },
                "south": { "texture": "#all" },
                "west":  { "texture": "#all" },
                "east":  { "texture": "#all" }
            }
        },
        {   "from": [ 2, 1, 2 ],
            "to": [ 14, 3, 14 ],
            "faces": {
                "down":  { "texture": "#all" },
                "up":    { "texture": "#all" },
                "north": { "texture": "#all" },
                "south": { "texture": "#all" },
                "west":  { "texture": "#all" },
                "east":  { "texture": "#all" }
            }
        },
        {   "from": [ 3, 0, 3 ],
            "to": [ 13, 1, 13 ],
            "faces": {
                "down":  { "texture": "#all" },
                "up":    { "texture": "#all" },
                "north": { "texture": "#all" },
                "south": { "texture": "#all" },
                "west":  { "texture": "#all" },
                "east":  { "texture": "#all" }
            }
        }
    ]
}
