{
    "textures": {
        "particle": "#texture"
    },
    "elements": [
        {   "from": [ 7, 12, 0 ],
            "to": [ 9, 15, 9 ],
            "faces": {
                "down":  { "texture": "#texture" },
                "up":    { "texture": "#texture" },
                "north": { "texture": "#texture", "cullface": "north" },
                "west":  { "texture": "#texture" },
                "east":  { "texture": "#texture" }
            },
            "__comment": "top bar"
        },
        {   "from": [ 7, 6, 0 ],
            "to": [ 9, 9, 9 ],
            "faces": {
                "down":  { "texture": "#texture" },
                "up":    { "texture": "#texture" },
                "north": { "texture": "#texture", "cullface": "north" },
                "west":  { "texture": "#texture" },
                "east":  { "texture": "#texture" }
            },
            "__comment": "lower bar"
        }
    ]
}
