{   "parent": "block/block",
    "display": {
        "gui": {
            "rotation": [ 30, 135, 0 ],
            "translation": [ 0, 0, 0],
            "scale":[ 0.625, 0.625, 0.625 ]
        },
        "fixed": {
            "rotation": [ 0, 90, 0 ],
            "translation": [ 0, 0, 0],
            "scale":[ 0.5, 0.5, 0.5 ]
        }
    },
    "ambientocclusion": false,
    "textures": {
        "particle": "#texture"
    },
    "elements": [
        {   "from": [ 6, 0, 6 ],
            "to": [ 10, 16, 10 ],
            "faces": {
                "down":  { "texture": "#texture", "cullface": "down" },
                "up":    { "texture": "#texture" },
                "north": { "texture": "#texture" },
                "south": { "texture": "#texture" },
                "west":  { "texture": "#texture" },
                "east":  { "texture": "#texture" }
            },
            "__comment": "Post"
        },
        {   "from": [ 7, 12, 0 ],
            "to": [ 9, 15, 16 ],
            "faces": {
                "down":  { "texture": "#texture" },
                "up":    { "texture": "#texture" },
                "north": { "texture": "#texture" },
                "south": { "texture": "#texture" },
                "west":  { "texture": "#texture" },
                "east":  { "texture": "#texture" }
            },
            "__comment": "Top bar"
        },
        {   "from": [ 7, 5, 0 ],
            "to": [ 9, 9, 16 ],
            "faces": {
                "down":  { "texture": "#texture" },
                "up":    { "texture": "#texture" },
                "north": { "texture": "#texture" },
                "south": { "texture": "#texture" },
                "west":  { "texture": "#texture" },
                "east":  { "texture": "#texture" }
            },
            "__comment": "Lower bar"
        }
    ]
}
