{   "ambientocclusion": false,
	"textures": {
		"particle": "block/iron_bars",
		"bars": "block/iron_bars"
	},
	"elements": [
		{   "from": [ 7, 0, 2 ],
			"to": [ 9, 16, 4 ],
			"faces": {
				"down":  { "uv": [ 12, 7, 14,  9 ], "texture": "#bars" },
				"up":    { "uv": [ 12, 7, 14,  9 ], "texture": "#bars" },
				"north": { "uv": [ 12, 0, 14, 16 ], "texture": "#bars" },
				"south": { "uv": [ 12, 0, 14, 16 ], "texture": "#bars" },
				"west":  { "uv": [ 12, 0, 14, 16 ], "texture": "#bars" },
				"east":  { "uv": [ 12, 0, 14, 16 ], "texture": "#bars" }
			}
		},
		{   "from": [ 7, 7, 0 ],
			"to": [ 9, 9, 2 ],
			"faces": {
				"down":  { "uv": [  2, 7,  0, 9 ], "texture": "#bars" },
				"up":    { "uv": [ 14, 7, 16, 9 ], "rotation": 270, "texture": "#bars" },
				"north": { "uv": [  7, 7,  9, 9 ], "texture": "#bars" },
				"west":  { "uv": [ 16, 7, 14, 9 ], "texture": "#bars" },
				"east":  { "uv": [ 14, 7, 16, 9 ], "texture": "#bars" }
			}
		},
		{   "from": [ 7, 2, 4 ],
			"to":  [ 9, 4, 7 ],
			"faces": {
				"down": { "uv": [  9, 14, 12, 12 ], "rotation": 90, "texture": "#bars" },
				"up":   { "uv": [ 12, 12,  9, 14 ], "rotation": 270, "texture": "#bars" },
				"west": { "uv": [ 12, 12,  9, 14 ], "texture": "#bars" },
				"east": { "uv": [ 12, 12,  9, 14 ], "texture": "#bars" }
			}
		}
	]
}