{
    "textures": {
        "3": "minecraft:block/polished_diorite_stairs3",
        "4": "minecraft:block/polished_diorite_stairs4",
        "particle": "minecraft:block/polished_diorite"
    },
    "elements": [
        {   "from": [ 0, 0, 0 ],
            "to": [ 16, 8, 16 ],
            "faces": {
                "down":  { "texture": "#particle", "cullface": "down" },
                "up":    { "texture": "#3" },
                "north": { "texture": "#4", "cullface": "north" },
                "south": { "texture": "#particle", "cullface": "south" },
                "west":  { "texture": "#particle", "cullface": "west" },
                "east":  { "texture": "#3", "cullface": "east" }
            }
        },
        {   "from": [ 0, 8, 0 ],
            "to": [ 8, 16, 16 ],
            "faces": {
                "up":    { "texture": "#3", "cullface": "up" },
                "north": { "texture": "#4", "cullface": "north" },
                "south": { "texture": "#particle", "cullface": "south" },
                "west":  { "texture": "#particle", "cullface": "west" },
                "east":  { "texture": "#3" }
            }
        },
        {   "from": [ 8, 8, 8 ],
            "to": [ 16, 16, 16 ],
            "faces": {
                "up":    { "texture": "#3", "cullface": "up" },
                "north": { "texture": "#4" },
                "south": { "texture": "#particle", "cullface": "south" },
                "east":  { "texture": "#3", "cullface": "east" }
            }
        }
    ]
}
