{
    "textures": {
      "post": "minecraft:block/polished_deepslate_wall_post",
      "particle": "minecraft:block/polished_deepslate"
    },
    "elements": [
        {   "from": [ 4, -0.1, 4 ],
            "to": [ 12, 16, 12 ],
            "faces": {
                "down":  { "uv": [ 8, 0, 16, 8 ], "texture": "#post", "cullface": "down" },
                "up":    { "uv": [ 8, 0, 16, 8 ], "texture": "#post", "cullface": "up" },
                "north": { "uv": [ 0, 0, 8, 16 ], "texture": "#post" },
                "south": { "uv": [ 0, 0, 8, 16 ], "texture": "#post" },
                "west":  { "uv": [ 0, 0, 8, 16 ], "texture": "#post" },
                "east":  { "uv": [ 0, 0, 8, 16 ], "texture": "#post" }
            },
            "__comment": "Center post"
        }
    ]
}
