{
    "textures": {
      "top": "minecraft:block/polished_deepslate_wall_top",
      "side": "minecraft:block/polished_deepslate_wall_side",
      "particle": "minecraft:block/polished_deepslate"
    },
    "elements": [
        {   "from": [ 5, 0, 0 ],
            "to": [ 11, 14, 8 ],
            "faces": {
                "down":  { "texture": "#top", "cullface": "down" },
                "up":    { "texture": "#top" },
                "north": { "uv": [ 5, 2, 11, 16 ], "texture": "#side", "cullface": "north" },
                "west":  { "uv": [ 0, 2, 8, 16 ], "texture": "#side" },
                "east":  { "uv": [ 8, 2, 16, 16 ], "texture": "#side" }
            },
            "__comment": "wall"
        }
    ]
}
