{
	"parent": "block/block",
	"display": {
        "gui": {
            "rotation": [ 30, 135, 0 ],
            "translation": [ 0, 0, 0],
            "scale":[ 0.625, 0.625, 0.625 ]
        },
        "head": {
            "rotation": [ 0, -90, 0 ],
            "translation": [ 0, 0, 0 ],
            "scale": [ 1, 1, 1 ]
        },
        "thirdperson_lefthand": {
            "rotation": [ 75, -135, 0 ],
            "translation": [ 0, 2.5, 0],
            "scale": [ 0.375, 0.375, 0.375 ]
        }
    },
    "textures": {
		"3": "minecraft:block/polished_andesite_stairs3",
		"4": "minecraft:block/polished_andesite_stairs4",
		"5": "minecraft:block/polished_andesite_stairs5",
		"6": "minecraft:block/polished_andesite_stairs6",
		"particle": "minecraft:block/polished_andesite"
	},
	"elements": [
		{
			"from": [ 0, 0, 0 ],
			"to": [ 16, 8, 16 ],
			"faces": {
				"down":  { "texture": "#particle", "cullface": "down" },
				"up":    { "texture": "#6" },
				"north": { "texture": "#3", "cullface": "north" },
				"south": { "texture": "#4", "cullface": "south" },
				"west":  { "texture": "#5", "cullface": "west" },
				"east":  { "texture": "#particle", "cullface": "east" }
			}
		},
		{
			"from": [ 8, 8, 0 ],
			"to": [ 16, 16, 16 ],
			"faces": {
				"up":    { "texture": "#6", "cullface": "up" },
				"north": { "texture": "#3", "cullface": "north" },
				"south": { "texture": "#4", "cullface": "south" },
				"west":  { "texture": "#5" },
				"east":  { "texture": "#particle", "cullface": "east" }
			}
		}
	]
}