{
	"textures": {
		"2": "minecraft:block/polished_blackstone_stairs2",
		"3": "minecraft:block/polished_blackstone_stairs3",
		"4": "minecraft:block/polished_blackstone_stairs4",
		"5": "minecraft:block/polished_blackstone_stairs5",
		"particle": "minecraft:block/polished_blackstone"
	},
	"elements": [
		{
			"from": [ 0, 0, 0 ],
			"to": [ 16, 8, 16 ],
			"faces": {
				"down":  { "texture": "#particle", "cullface": "down" },
				"up":    { "texture": "#2" },
				"north": { "texture": "#5", "cullface": "north" },
				"south": { "texture": "#3", "cullface": "south" },
				"west":  { "texture": "#4", "cullface": "west" },
				"east":  { "texture": "#5", "cullface": "east" }
			}
		},
		{
			"from": [ 0, 8, 8 ],
			"to": [ 8, 16, 16 ],
			"faces": {
				"up":    { "texture": "#2", "cullface": "up" },
				"north": { "texture": "#3" },
				"south": { "texture": "#3", "cullface": "south" },
				"west":  { "texture": "#4", "cullface": "west" },
				"east":  { "texture": "#4" }
			}
		}
	]
}