{   "parent": "block/block",
    "textures": {
      "post": "minecraft:block/polished_deepslate_wall_post",
      "top": "minecraft:block/polished_deepslate_wall_top",
      "side": "minecraft:block/polished_deepslate_wall_side"
    },
    "display": {
        "gui": {
            "rotation": [ 30, 135, 0 ],
            "translation": [ 0, 0, 0],
            "scale":[ 0.625, 0.625, 0.625 ]
        },
        "fixed": {
            "rotation": [ 0, 90, 0 ],
            "translation": [ 0, 0, 0 ],
            "scale": [ 0.5, 0.5, 0.5 ]
        }
    },
    "elements": [
        {   "from": [ 4, -0.1, 4 ],
            "to": [ 12, 16, 12 ],
            "faces": {
                "down":  { "uv": [ 8, 0, 16, 8 ], "texture": "#post" },
                "up":    { "uv": [ 8, 0, 16, 8 ], "texture": "#post" },
                "north": { "uv": [ 0, 0, 8, 16 ], "texture": "#post" },
                "south": { "uv": [ 0, 0, 8, 16 ], "texture": "#post" },
                "west":  { "uv": [ 0, 0, 8, 16 ], "texture": "#post" },
                "east":  { "uv": [ 0, 0, 8, 16 ], "texture": "#post" }
            },
            "__comment": "Center post"
        },
        {   "from": [ 5, 0, 0 ],
            "to": [ 11, 14, 16 ],
            "faces": {
                "down":  { "texture": "#top" },
                "up":    { "texture": "#top" },
                "north": { "uv": [ 5, 2, 11, 16 ], "texture": "#side" },
                "south": { "uv": [ 5, 2, 11, 16 ], "texture": "#side" },
                "west":  { "uv": [ 0, 2, 16, 16 ], "texture": "#side" },
                "east":  { "uv": [ 0, 2, 16, 16 ], "texture": "#side" }
            },
            "__comment": "Full wall"
        }
    ]
}
