{
    "textures": {
      "top": "minecraft:block/polished_blackstone_wall_top",
      "side": "minecraft:block/polished_blackstone_wall_side",
      "particle": "minecraft:block/polished_blackstone"
    },
    "elements": [
        {   "from": [ 5, 0, 0 ],
            "to": [ 11, 16, 8 ],
            "faces": {
                "down":  { "texture": "#top", "cullface": "down" },
                "up":    { "texture": "#top", "cullface": "up"},
                "north": { "uv": [ 5, 0, 11, 16 ], "texture": "#side", "cullface": "north" },
                "west":  { "uv": [ 0, 0, 8, 16 ], "texture": "#side" },
                "east":  { "uv": [ 8, 0, 16, 16 ], "texture": "#side" }
            }
        }
    ]
}
