{
	"weight": 12,
	"quality": 0.5,
	"dimensions": [
		"overworld"
	],
	"unique": true,
	"min_rarity": "uncommon",
	"bonuses": [
		{
			"type": "apotheosis:enchantment",
			"gem_class": {
				"key": "melee_weapon",
				"types": [
					"sword",
					"trident",
					"heavy_weapon"
				]
			},
			"enchantment": "sharpness",
			"must_exist": true,
			"values": {
				"uncommon": 1,
				"rare": 2,
				"epic": 2,
				"mythic": 3,
				"ancient": 4
			}
		},
		{
			"type": "apotheosis:enchantment",
			"gem_class": {
				"key": "core_armor",
				"types": [
					"chestplate",
					"leggings"
				]
			},
			"enchantment": "protection",
			"must_exist": true,
			"values": {
				"uncommon": 1,
				"rare": 2,
				"epic": 2,
				"mythic": 3,
				"ancient": 4
			}
		}
	]
}