{
  "area_condition": {
    "radiusX": 2,
    "radiusY": 2,
    "radiusZ": 2,
    "requiredAmount": 5,
    "type": "generate_if_not_too_many"
  },
  "growth_chance": 0.002,
  "growth_for_face": [
    {
      "direction": "up",
      "growth": [
        {
          "data": {
            "block": {
              "Name": "minecraft:crimson_roots"
            }
          },
          "weight": 50
        },
        {
          "data": {
            "block": {
              "Name": "minecraft:crimson_fungus"
            }
          },
          "weight": 10
        },
        {
          "data": {
            "block": {
              "Name": "minecraft:warped_fungus"
            }
          },
          "weight": 1
        }
      ]
    }
  ],
  "owners": [
    "minecraft:crimson_nylium"
  ],
  "replacing_target": {
    "block": "minecraft:air",
    "predicate_type": "minecraft:random_block_match",
    "probability": 0.75
  }
}