{
  "growth_chance": 0.05,
  "target_self": true,
  "area_condition": {
    "must_have": {
      "block": "minecraft:air",
      "predicate_type": "minecraft:block_match"
    },
    "type": "neighbor_based_generation"
  },
  "position_predicates": [
    {
      "biomes": "#immersive_weathering:icy",
     "type": "biome_match"
    },
    {
      "type": "day_test",
      "day": false
    }
  ],
  "growth_for_face": [
    {
      "direction": "up",
      "weight": 1,
      "growth": [
        {
          "data": {
            "block": {
              "Name": "immersive_weathering:frosty_glass_pane",
              "Properties": {
                "natural": "true"
              }
            }
          },
          "weight": 1
        }
      ]
    }
  ],
  "owners": "minecraft:glass_pane",
  "replacing_target": {
    "block": "minecraft:air",
    "predicate_type": "minecraft:block_match"
  }
}