{
  "area_condition": {
    "must_have": {
      "blocks": "#immersive_weathering:grass_spread_source",
      "predicate_type": "immersive_weathering:block_set_match"
    },
    "radiusX": 2,
    "radiusY": 2,
    "radiusZ": 2,
    "requiredAmount": 6,
    "type": "generate_if_not_too_many",
    "includes": "#immersive_weathering:small_plants"
  },
  "position_predicates": [
    {
      "biomes": [
        "minecraft:dark_forest"
      ],
     "type": "biome_match"
    }
  ],
  "growth_chance": 0.001,
  "growth_for_face": [
    {
      "direction": "up",
      "growth": [
        {
          "data": {
            "block": {
              "Name": "minecraft:red_mushroom"
            }
          },
          "weight": 1000
        },
        {
          "data": {
            "block": {
              "Name": "minecraft:brown_mushroom"
            }
          },
          "weight": 1000
        },
        {
          "data": {
            "block": {
              "Name": "minecraft:poppy"
            }
          },
          "weight": 1000
        },
        {
          "data": {
            "block": {
              "Name": "minecraft:rose_bush",
              "Properties": {
                "half": "lower"
              }
            },
            "above_block": {
              "Name": "minecraft:rose_bush",
              "Properties": {
                "half": "upper"
              }
            }
          },
          "weight": 600
        },
        {
          "data": {
            "block": {
              "Name": "minecraft:dark_oak_fence"
            },
            "above_block":{
              "Name": "minecraft:carved_pumpkin",
              "Properties": {
                "facing": "north"
              }
            }
          },
          "weight": 1
        },
        {
          "data": {
            "block": {
              "Name": "minecraft:dark_oak_fence"
            },
            "above_block": {
              "Name": "minecraft:carved_pumpkin",
              "Properties": {
                "facing": "north"
              }
            }
          },
          "weight": 1
        },
        {
          "data": {
            "block": {
              "Name": "minecraft:dark_oak_fence"
            },
            "above_block": {
              "Name": "minecraft:carved_pumpkin",
              "Properties": {
                "facing": "north"
              }
            }
          },
          "weight": 1
        },
        {
          "data": {
            "block": {
              "Name": "minecraft:dark_oak_fence"
            },
            "above_block":{
              "Name": "minecraft:carved_pumpkin",
              "Properties": {
                "facing": "west"
              }
            }
          },
          "weight": 1
        },
        {
          "data": {
            "block": {
              "Name": "minecraft:dark_oak_fence"
            },
            "above_block":{
              "Name": "minecraft:jack_o_lantern",
              "Properties": {
                "facing": "north"
              }
            }
          },
          "weight": 1
        },
        {
          "data": {
            "block": {
              "Name": "minecraft:dark_oak_fence"
            },
            "above_block":{
              "Name": "minecraft:jack_o_lantern",
              "Properties": {
                "facing": "south"
              }
            }
          },
          "weight": 1
        },
        {
          "data": {
            "block": {
              "Name": "minecraft:dark_oak_fence"
            },
            "above_block":{
              "Name": "minecraft:jack_o_lantern",
              "Properties": {
                "facing": "east"
              }
            }
          },
          "weight": 1
        },
        {
          "data": {
            "block": {
              "Name": "minecraft:dark_oak_fence"
            },
            "above_block":{
              "Name": "minecraft:jack_o_lantern",
              "Properties": {
                "facing": "west"
              }
            }
          },
          "weight": 1
        },
        {
          "data": {
            "block": {
              "Name": "minecraft:grass"
            }
          },
          "weight": 0
        }
      ]
    }
  ],
  "owners": [
    "minecraft:grass_block",
    "immersive_weathering:rooted_grass_block"
  ],
  "replacing_target": {
    "block": "minecraft:air",
    "predicate_type": "minecraft:random_block_match",
    "probability": 0.8
  }
}