{
  "area_condition": {
    "radiusX": 2,
    "radiusY": 2,
    "radiusZ": 2,
    "requiredAmount": 6,
    "type": "generate_if_not_too_many"
  },
  "growth_chance": 0.02,
  "growth_for_face": [
    {
      "direction": "up",
      "growth": [
        {
          "data": {
            "block": {
              "Name": "minecraft:grass"
            }
          },
          "weight": 10
        },
        {
          "data": {
            "block": {
              "Name": "minecraft:red_mushroom"
            }
          },
          "weight": 1
        }
      ]
    }
  ],
  "owners": [
    "immersive_weathering:humus"
  ],
  "replacing_target": {
    "block": "minecraft:air",
    "predicate_type": "minecraft:random_block_match",
    "probability": 0.8
  }
}