{
  "tick_sources": [
    "lightning_strike"
  ],
  "target_self": true,
  "growth_chance": 1,
  "growth_for_face": [
    {
      "direction": "up",
      "weight": 1,
      "growth": [
        {
          "data": {
            "block": {
              "Name": "minecraft:lava",
              "Properties": {
                "level": 15
              }
            }
          },
          "weight": 1
        }
      ]
    }
  ],
  "owners": "minecraft:magma_block",
  "replacing_target": {
    "block": "minecraft:magma_block",
    "predicate_type": "minecraft:block_match"
  }
}