{
  "area_condition": {
    "radiusX": 2,
    "radiusY": 2,
    "radiusZ": 2,
    "requiredAmount": 6,
    "type": "generate_if_not_too_many"
  },
  "growth_chance": 0.001,
  "growth_for_face": [
    {
      "direction": "up",
      "growth": [
        {
          "data": {
            "block": {
              "Name": "minecraft:fern"
            }
          },
          "weight": 100
        },
        {
          "data": {
            "block": {
              "Name": "minecraft:brown_mushroom"
            }
          },
          "weight": 10
        }
      ]
    }
  ],
  "owners": [
    "minecraft:podzol"
  ],
  "replacing_target": {
    "block": "minecraft:air",
    "predicate_type": "minecraft:random_block_match",
    "probability": 0.8
  }
}