{
  "growth_chance": 0.005,
  "area_condition": {
    "must_have": {
      "fluids": ["minecraft:flowing_water"],
      "predicate_type": "immersive_weathering:fluid_match"
    },
    "radiusX": 1,
    "radiusY": 1,
    "radiusZ": 1,
    "requiredAmount": 16,
    "type": "generate_if_not_too_many"
  },
  "growth_for_face": [
    {
      "direction": "down",
      "weight": 1,
      "growth": [
        {
          "data": {
            "block": {
              "Name": "immersive_weathering:sand_layer_block"
            }
          },
          "weight": 1
        }
      ]
    }
  ],
  "owners": [
    "minecraft:sandstone"
  ],
  "replacing_target": {
    "block": "minecraft:air",
    "predicate_type": "minecraft:block_match"
  }
}