{
  "area_condition": {
    "radiusX": 2,
    "radiusY": 2,
    "radiusZ": 2,
    "requiredAmount": 5,
    "type": "generate_if_not_too_many"
  },
  "growth_chance": 0.003,
  "growth_for_face": [
    {
      "direction": "up",
      "growth": [
        {
          "data": {
            "block": {
              "Name": "minecraft:seagrass"
            }
          },
          "weight": 10
        }
      ]
    }
  ],
  "owners": [
    "immersive_weathering:silt",
    "immersive_weathering:fluvisol"
  ],
  "replacing_target": {
    "block": "minecraft:water",
    "predicate_type": "minecraft:random_block_match",
    "probability": 0.6
  }
}