{
  "area_condition": {
    "radiusX": 3,
    "radiusY": 2,
    "radiusZ": 3,
    "requiredAmount": 3,
    "type": "generate_if_not_too_many"
  },
  "growth_chance": 0.005,
  "growth_for_face": [
    {
      "direction": "up",
      "growth": [
        {
          "data": {
            "block": {
              "Name": "minecraft:dead_bush"
            }
          },
          "weight": 10
        },
        {
          "data": {
            "block": {
              "Name": "minecraft:grass"
            }
          },
          "weight": 5
        }
      ]
    }
  ],
  "owners": [
    "immersive_weathering:vertisol"
  ],
  "replacing_target": {
    "block": "minecraft:air",
    "predicate_type": "minecraft:random_block_match",
    "probability": 0.6
  }
}