{
	"type": "apotheosis:omnetic",
	"values": {
		"rare": {
			"name": "iron",
			"items": [{
					"item": "minecraft:iron_axe"
				},
				{
					"item": "minecraft:iron_shovel"
				},
				{
					"item": "minecraft:iron_pickaxe"
				},
				{
					"item": "minecraft:iron_sword"
				},
				{
					"item": "minecraft:iron_hoe"
				}
			]
		},
		"epic": {
			"name": "diamond",
			"items": [{
					"item": "minecraft:diamond_axe"
				},
				{
					"item": "minecraft:diamond_shovel"
				},
				{
					"item": "minecraft:diamond_pickaxe"
				},
				{
					"item": "minecraft:diamond_sword"
				},
				{
					"item": "minecraft:diamond_hoe"
				}
			]
		},
		"mythic": {
			"name": "netherite",
			"items": [{
					"item": "minecraft:netherite_axe"
				},
				{
					"item": "minecraft:netherite_shovel"
				},
				{
					"item": "minecraft:netherite_pickaxe"
				},
				{
					"item": "minecraft:netherite_sword"
				},
				{
					"item": "minecraft:netherite_hoe"
				}
			]
		},
		"ancient": {
			"name": "netherite",
			"items": [{
					"item": "minecraft:netherite_axe"
				},
				{
					"item": "minecraft:netherite_shovel"
				},
				{
					"item": "minecraft:netherite_pickaxe"
				},
				{
					"item": "minecraft:netherite_sword"
				},
				{
					"item": "minecraft:netherite_hoe"
				}
			]
		}
	}
}