{
  "display": {
    "icon": {
      "item": "minecraft:iron_pickaxe",
      "nbt": "{Damage:0}"
    },
    "title": {
      "translate": "advancements.immersive_weathering.crack_on.title"
    },
    "description": {
      "translate": "advancements.immersive_weathering.crack_on.description"
    },
    "frame": "task",
    "show_toast": true,
    "announce_to_chat": true,
    "hidden": false
  },
  "parent": "minecraft:husbandry/safely_harvest_honey",
  "criteria": {
    "wax_off": {
      "trigger": "minecraft:item_used_on_block",
      "conditions": {
        "item": {
          "items": [
            "minecraft:wooden_pickaxe",
            "minecraft:golden_pickaxe",
            "minecraft:stone_pickaxe",
            "minecraft:iron_pickaxe",
            "minecraft:diamond_pickaxe",
            "minecraft:netherite_pickaxe"
          ]
        },
        "location": {
          "block": {
            "tag": "immersive_weathering:crackable"
          }
        }
      }
    }
  },
  "requirements": [
    [
      "wax_off"
    ]
  ]
}
