{
  "display": {
    "icon": {
      "item": "minecraft:shears",
      "nbt": "{Damage:0}"
    },
    "title": {
      "translate": "advancements.immersive_weathering.moss_off.title"
    },
    "description": {
      "translate": "advancements.immersive_weathering.moss_off.description"
    },
    "frame": "task",
    "show_toast": true,
    "announce_to_chat": true,
    "hidden": false
  },
  "parent": "immersive_weathering:immersive_weathering/moss_on",
  "criteria": {
    "wax_off": {
      "trigger": "minecraft:item_used_on_block",
      "conditions": {
        "item": {
          "items": [
            "minecraft:shears"
          ]
        },
        "location": {
          "block": {
            "tag": "immersive_weathering:mossy"
          }
        }
      }
    }
  },
  "requirements": [
    [
      "wax_off"
    ]
  ]
}
