{
  "display": {
    "icon": {
      "item": "immersive_weathering:mulch_block"
    },
    "title": {
      "translate": "advancements.immersive_weathering.mulch.title"
    },
    "description": {
      "translate": "advancements.immersive_weathering.mulch.description"
    },
    "frame": "task",
    "show_toast": true,
    "announce_to_chat": true,
    "hidden": false
  },
  "parent": "minecraft:husbandry/plant_seed",
  "criteria": {
    "wheat": {
      "trigger": "minecraft:inventory_changed",
      "conditions": {
        "items": [
          {
            "items": [
              "immersive_weathering:mulch_block"
            ]
          }
        ]
      }
    }
  },
  "requirements": [
    [
      "wheat"
    ]
  ]
}
