{
  "display": {
    "icon": {
      "item": "minecraft:iron_axe",
      "nbt": "{Damage:0}"
    },
    "title": {
      "translate": "advancements.immersive_weathering.rust_off.title"
    },
    "description": {
      "translate": "advancements.immersive_weathering.rust_off.description"
    },
    "frame": "task",
    "show_toast": true,
    "announce_to_chat": true,
    "hidden": false
  },
  "parent": "immersive_weathering:immersive_weathering/rust_on",
  "criteria": {
    "wax_off": {
      "trigger": "minecraft:item_used_on_block",
      "conditions": {
        "item": {
          "items": [
            "minecraft:wooden_axe",
            "minecraft:golden_axe",
            "minecraft:stone_axe",
            "minecraft:iron_axe",
            "minecraft:diamond_axe",
            "minecraft:netherite_axe"
          ]
        },
        "location": {
          "block": {
            "tag": "immersive_weathering:unscrapeable"
          }
        }
      }
    }
  },
  "requirements": [
    [
      "wax_off"
    ]
  ]
}
