{
  "display": {
    "icon": {
      "item": "minecraft:golden_shovel",
      "nbt": "{Damage:0}"
    },
    "title": {
      "translate": "advancements.immersive_weathering.sand_off.title"
    },
    "description": {
      "translate": "advancements.immersive_weathering.sand_off.description"
    },
    "frame": "task",
    "show_toast": true,
    "announce_to_chat": true,
    "hidden": false
  },
  "parent": "immersive_weathering:immersive_weathering/sand_on",
  "criteria": {
    "stone_brick_repair": {
      "trigger": "minecraft:item_used_on_block",
      "conditions": {
        "item": {
          "items": [
            "minecraft:wooden_shovel",
            "minecraft:golden_shovel",
            "minecraft:stone_shovel",
            "minecraft:iron_shovel",
            "minecraft:diamond_shovel",
            "minecraft:netherite_shovel"
          ]
        },
        "location": {
          "block": {
            "tag": "immersive_weathering:sandy"
          }
        }
      }
    }
  },
  "requirements": [
    [
      "stone_brick_repair"
    ]
  ]
}
