{
  "display": {
    "icon": {
      "item": "minecraft:snowball"
    },
    "title": {
      "translate": "advancements.immersive_weathering.snow_on.title"
    },
    "description": {
      "translate": "advancements.immersive_weathering.snow_on.description"
    },
    "frame": "task",
    "show_toast": true,
    "announce_to_chat": true,
    "hidden": false
  },
  "parent": "minecraft:husbandry/safely_harvest_honey",
  "criteria": {
    "wax_on": {
      "trigger": "minecraft:item_used_on_block",
      "conditions": {
        "item": {
          "items": [
            "minecraft:snowball"
          ]
        },
        "location": {
          "block": {
            "tag": "immersive_weathering:snowable"
          }
        }
      }
    }
  },
  "requirements": [
    [
      "wax_on"
    ]
  ]
}
