{
  "parent": "minecraft:recipes/root",
  "rewards": {
    "recipes": [
      "immersive_weathering:flowering_azalea",
      "immersive_weathering:flowering_azalea_leaves",
      "immersive_weathering:flowering_azalea_leaf_pile_from_flowers",
      "immersive_weathering:azalea_flower_pile",
      "immersive_weathering:flower_crown"
    ]
  },
  "criteria": {
    "has_copper_block": {
      "trigger": "minecraft:inventory_changed",
      "conditions": {
        "items": [
          {
            "items": [
              "immersive_weathering:azalea_flowers"
            ]
          }
        ]
      }
    },
    "has_the_recipe": {
      "trigger": "minecraft:recipe_unlocked",
      "conditions": {
        "recipe": "immersive_weathering:flowering_azalea"
      }
    }
  },
  "requirements": [
    [
      "has_copper_block",
      "has_the_recipe"
    ]
  ]
}