{
  "parent": "minecraft:recipes/root",
  "rewards": {
    "recipes": [
      "immersive_weathering:deepslate_tile_repair",
      "immersive_weathering:deepslate_tiles_from_tile"
    ]
  },
  "criteria": {
    "has_copper_block": {
      "trigger": "minecraft:inventory_changed",
      "conditions": {
        "items": [
          {
            "items": [
              "immersive_weathering:deepslate_tile"
            ]
          }
        ]
      }
    },
    "has_the_recipe": {
      "trigger": "minecraft:recipe_unlocked",
      "conditions": {
        "recipe": "immersive_weathering:deepslate_tile_repair"
      }
    }
  },
  "requirements": [
    [
      "has_copper_block",
      "has_the_recipe"
    ]
  ]
}