{
  "parent": "minecraft:recipes/root",
  "rewards": {
    "recipes": [
      "immersive_weathering:moss_block_from_clump",
      "immersive_weathering:mossy_bricks_from_moss_clump",
      "immersive_weathering:mossy_stone_bricks_from_moss_clump",
      "immersive_weathering:mossy_stone_from_moss_clump",
      "immersive_weathering:mossy_cobblestone_from_moss_clump",
      "immersive_weathering:green_dye_from_moss_clump"
    ]
  },
  "criteria": {
    "has_copper_block": {
      "trigger": "minecraft:inventory_changed",
      "conditions": {
        "items": [
          {
            "items": [
              "minecraft:moss_block"
            ]
          }
        ]
      }
    },
    "has_the_recipe": {
      "trigger": "minecraft:recipe_unlocked",
      "conditions": {
        "recipe": "immersive_weathering:moss_block_from_clump"
      }
    }
  },
  "requirements": [
    [
      "has_copper_block",
      "has_the_recipe"
    ]
  ]
}