{
  "parent": "minecraft:recipes/root",
  "rewards": {
    "recipes": [
      "immersive_weathering:oak_log_unstrip",
      "immersive_weathering:oak_wood_unstrip",
      "immersive_weathering:oak_wood_from_bark",
      "immersive_weathering:mulch_block",
      "immersive_weathering:mulch"
    ]
  },
  "criteria": {
    "has_copper_block": {
      "trigger": "minecraft:inventory_changed",
      "conditions": {
        "items": [
          {
            "items": [
              "immersive_weathering:oak_bark"
            ]
          }
        ]
      }
    },
    "has_the_recipe": {
      "trigger": "minecraft:recipe_unlocked",
      "conditions": {
        "recipe": "immersive_weathering:oak_wood_from_bark"
      }
    }
  },
  "requirements": [
    [
      "has_copper_block",
      "has_the_recipe"
    ]
  ]
}