{
  "parent": "minecraft:recipes/root",
  "rewards": {
    "recipes": [
      "immersive_weathering:stone_brick_from_stonecutting",
      "immersive_weathering:stone_bricks_from_brick",
      "immersive_weathering:cracked_stone_brick_slab",
      "immersive_weathering:cracked_stone_brick_slab_from_smelting",
      "immersive_weathering:cracked_stone_brick_stairs",
      "immersive_weathering:cracked_stone_brick_stairs_from_smelting",
      "immersive_weathering:cracked_stone_brick_wall",
      "immersive_weathering:cracked_stone_brick_wall_from_smelting"
    ]
  },
  "criteria": {
    "has_copper_block": {
      "trigger": "minecraft:inventory_changed",
      "conditions": {
        "items": [
          {
            "items": [
              "minecraft:stone_bricks"
            ]
          }
        ]
      }
    },
    "has_the_recipe": {
      "trigger": "minecraft:recipe_unlocked",
      "conditions": {
        "recipe": "immersive_weathering:stone_brick_from_stonecutting"
      }
    }
  },
  "requirements": [
    [
      "has_copper_block",
      "has_the_recipe"
    ]
  ]
}