{
  "variants": {
    "lit=false": [
      {
        "model": "minecraft:block/deepslate_redstone_ore"
      },
      {
        "model": "minecraft:block/deepslate_redstone_ore_mirrored"
      },
      {
        "model": "minecraft:block/deepslate_redstone_ore",
        "y": 180
      },
      {
        "model": "minecraft:block/deepslate_redstone_ore_mirrored",
        "y": 180
      }
    ],
    "lit=true": [
      {
        "model": "minecraft:block/deepslate_redstone_ore_on"
      },
      {
        "model": "minecraft:block/deepslate_redstone_ore_on_mirrored"
      },
      {
        "model": "minecraft:block/deepslate_redstone_ore_on",
        "y": 180
      },
      {
        "model": "minecraft:block/deepslate_redstone_ore_on_mirrored",
        "y": 180
      }
    ]
  }
}