{
  "variants": {
    "facing=east,half=bottom,shape=inner_left": {
      "model": "minecraft:block/polished_diorite_inner_bottom_sw"
    },
    "facing=east,half=bottom,shape=inner_right": {
      "model": "minecraft:block/polished_diorite_inner_bottom_nw"
    },
    "facing=east,half=bottom,shape=outer_left": {
      "model": "minecraft:block/polished_diorite_outer_bottom_ne"
    },
    "facing=east,half=bottom,shape=outer_right": {
      "model": "minecraft:block/polished_diorite_outer_bottom_se"
    },
    "facing=east,half=bottom,shape=straight": {
      "model": "minecraft:block/polished_diorite_straight_bottom_e"
    },
    "facing=east,half=top,shape=inner_left": {
      "model": "minecraft:block/polished_diorite_inner_top_sw"
    },
    "facing=east,half=top,shape=inner_right": {
      "model": "minecraft:block/polished_diorite_inner_top_nw"
    },
    "facing=east,half=top,shape=outer_left": {
      "model": "minecraft:block/polished_diorite_outer_top_ne"
    },
    "facing=east,half=top,shape=outer_right": {
      "model": "minecraft:block/polished_diorite_outer_top_se"
    },
    "facing=east,half=top,shape=straight": {
      "model": "minecraft:block/polished_diorite_straight_top_e"
    },
    "facing=north,half=bottom,shape=inner_left": {
      "model": "minecraft:block/polished_diorite_inner_bottom_se"
    },
    "facing=north,half=bottom,shape=inner_right": {
      "model": "minecraft:block/polished_diorite_inner_bottom_sw"
    },
    "facing=north,half=bottom,shape=outer_left": {
      "model": "minecraft:block/polished_diorite_outer_bottom_nw"
    },
    "facing=north,half=bottom,shape=outer_right": {
      "model": "minecraft:block/polished_diorite_outer_bottom_ne"
    },
    "facing=north,half=bottom,shape=straight": {
      "model": "minecraft:block/polished_diorite_straight_bottom_n"
    },
    "facing=north,half=top,shape=inner_left": {
      "model": "minecraft:block/polished_diorite_inner_top_se"
    },
    "facing=north,half=top,shape=inner_right": {
      "model": "minecraft:block/polished_diorite_inner_top_sw"
    },
    "facing=north,half=top,shape=outer_left": {
      "model": "minecraft:block/polished_diorite_outer_top_nw"
    },
    "facing=north,half=top,shape=outer_right": {
      "model": "minecraft:block/polished_diorite_outer_top_ne"
    },
    "facing=north,half=top,shape=straight": {
      "model": "minecraft:block/polished_diorite_straight_top_n"
    },
    "facing=south,half=bottom,shape=inner_left": {
      "model": "minecraft:block/polished_diorite_inner_bottom_nw"
    },
    "facing=south,half=bottom,shape=inner_right": {
      "model": "minecraft:block/polished_diorite_inner_bottom_ne"
    },
    "facing=south,half=bottom,shape=outer_left": {
      "model": "minecraft:block/polished_diorite_outer_bottom_se"
    },
    "facing=south,half=bottom,shape=outer_right": {
      "model": "minecraft:block/polished_diorite_outer_bottom_sw"
    },
    "facing=south,half=bottom,shape=straight": {
      "model": "minecraft:block/polished_diorite_straight_bottom_s"
    },
    "facing=south,half=top,shape=inner_left": {
      "model": "minecraft:block/polished_diorite_inner_top_nw"
    },
    "facing=south,half=top,shape=inner_right": {
      "model": "minecraft:block/polished_diorite_inner_top_ne"
    },
    "facing=south,half=top,shape=outer_left": {
      "model": "minecraft:block/polished_diorite_outer_top_se"
    },
    "facing=south,half=top,shape=outer_right": {
      "model": "minecraft:block/polished_diorite_outer_top_sw"
    },
    "facing=south,half=top,shape=straight": {
      "model": "minecraft:block/polished_diorite_straight_top_s"
    },
    "facing=west,half=bottom,shape=inner_left": {
      "model": "minecraft:block/polished_diorite_inner_bottom_ne"
    },
    "facing=west,half=bottom,shape=inner_right": {
      "model": "minecraft:block/polished_diorite_inner_bottom_se"
    },
    "facing=west,half=bottom,shape=outer_left": {
      "model": "minecraft:block/polished_diorite_outer_bottom_sw"
    },
    "facing=west,half=bottom,shape=outer_right": {
      "model": "minecraft:block/polished_diorite_outer_bottom_nw"
    },
    "facing=west,half=bottom,shape=straight": {
      "model": "minecraft:block/polished_diorite_straight_bottom_w"
    },
    "facing=west,half=top,shape=inner_left": {
      "model": "minecraft:block/polished_diorite_inner_top_ne"
    },
    "facing=west,half=top,shape=inner_right": {
      "model": "minecraft:block/polished_diorite_inner_top_se"
    },
    "facing=west,half=top,shape=outer_left": {
      "model": "minecraft:block/polished_diorite_outer_top_sw"
    },
    "facing=west,half=top,shape=outer_right": {
      "model": "minecraft:block/polished_diorite_outer_top_nw"
    },
    "facing=west,half=top,shape=straight": {
      "model": "minecraft:block/polished_diorite_straight_top_w"
    }
  }
}