{
	"type": "apotheosis:attribute",
	"attribute": "apotheosis:experience_gained",
	"operation": "MULTIPLY_BASE",
	"values": {
		"common": {
			"min": 0.25,
			"steps": 5,
			"step": 0.05
		},
		"uncommon": {
			"min": 0.40,
			"steps": 5,
			"step": 0.05
		},
		"rare": {
			"min": 0.65,
			"steps": 8,
			"step": 0.05
		},
		"epic": {
			"min": 0.85,
			"steps": 10,
			"step": 0.05
		},
		"mythic": {
			"min": 1.25,
			"steps": 15,
			"step": 0.05
		},
		"ancient": {
			"min": 2.50,
			"steps": 20,
			"step": 0.05
		}
	},
	"types": [
		"pickaxe"
	]
}