{
    "size": "large",
    "leash_range": 64,
    "color": "#71955B",
    "waves": [{
            "entities": [{
                    "entity": "gothic:scavenger"
                },
                {
                    "entity": "gothic:scavenger"
                },
                {
                    "entity": "gothic:scavenger"
                },
				{
                    "entity": "gothic:molerat"
                },
                {
                    "entity": "gothic:molerat"
                },
                {
                    "entity": "gothic:molerat"
                }
            ],
            "rewards": [{
                "type": "stack",
                "stack":{
                   "item": "gothic:magic_ore_nugget",
                   "count": 4
                }
            }],
            "max_wave_time": 750,
            "setup_time": 150
        },
        {
            "entities": [{
                    "entity": "gothic:snapper"
                },
                {
                    "entity": "gothic:snapper"
                },
                {
                    "entity": "gothic:snapper"
                },
				{
                    "entity": "gothic:razor"
                },
                {
                    "entity": "gothic:razor"
                },
                {
                    "entity": "gothic:dragon_snapper"
                }
            ],
            "modifiers": [{
                    "attribute": "generic.max_health",
                    "operation": "MULTIPLY_TOTAL",
                    "value": 0.33
                },
                {
                    "attribute": "generic.armor",
                    "operation": "ADDITION",
                    "value": 2.5
                },
                {
                    "attribute": "generic.attack_damage",
                    "operation": "MULTIPLY_TOTAL",
                    "value": 0.33
                },
                {
                    "attribute": "generic.knockback_resistance",
                    "operation": "ADDITION",
                    "value": 0.05
                },
                {
                    "attribute": "generic.movement_speed",
                    "operation": "MULTIPLY_TOTAL",
                    "value": 0.05
                }
            ],
            "rewards": [{
                "type": "stack",
                "stack":{
                   "item": "gothic:magic_ore_nugget",
                   "count": 6
                }
            }],
            "max_wave_time": 750,
            "setup_time": 150
        },
        {
            "entities": [{
                    "entity": "gothic:warg"
                },
                {
                    "entity": "gothic:warg"
                },
                {
                    "entity": "gothic:warg"
                },
				{
                    "entity": "gothic:warg"
                },
                {
                    "entity": "gothic:ice_wolf"
                },
                {
                    "entity": "gothic:ice_wolf"
                },
                {
                    "entity": "gothic:ice_wolf"
                },
                {
                    "entity": "gothic:ice_wolf"
                }
            ],
            "modifiers": [{
                    "attribute": "generic.max_health",
                    "operation": "MULTIPLY_TOTAL",
                    "value": 0.66
                },
                {
                    "attribute": "generic.armor",
                    "operation": "ADDITION",
                    "value": 4
                },
                {
                    "attribute": "generic.attack_damage",
                    "operation": "MULTIPLY_TOTAL",
                    "value": 0.5
                },
                {
                    "attribute": "generic.knockback_resistance",
                    "operation": "ADDITION",
                    "value": 0.10
                },
                {
                    "attribute": "generic.movement_speed",
                    "operation": "MULTIPLY_TOTAL",
                    "value": 0.10
                }
            ],
            "rewards": [{
                "type": "stack",
                "stack":{
                   "item": "gothic:magic_ore_nugget",
                   "count": 8
                }
            }],
            "max_wave_time": 850,
            "setup_time": 150
        },
        {
            "entities": [{
                    "entity": "gothic:snapper"
                },
                {
                    "entity": "gothic:snapper"
                },
                {
                    "entity": "gothic:snapper"
                },
				{
                    "entity": "gothic:snapper"
                },
                {
                    "entity": "gothic:dragon_snapper"
                },
                {
                    "entity": "gothic:dragon_snapper"
                },
                {
                    "entity": "gothic:dragon_snapper"
                },
                {
                    "entity": "gothic:shadowbeast"
                },
                {
                    "entity": "gothic:razor"
                },
                {
                    "entity": "gothic:razor"
                }
            ],
            "modifiers": [{
                    "attribute": "generic.max_health",
                    "operation": "MULTIPLY_TOTAL",
                    "value": 0.85
                },
                {
                    "attribute": "generic.armor",
                    "operation": "ADDITION",
                    "value": 5
                },
                {
                    "attribute": "generic.attack_damage",
                    "operation": "MULTIPLY_TOTAL",
                    "value": 0.66
                },
                {
                    "attribute": "generic.knockback_resistance",
                    "operation": "ADDITION",
                    "value": 0.15
                },
                {
                    "attribute": "generic.movement_speed",
                    "operation": "MULTIPLY_TOTAL",
                    "value": 0.15
                }
            ],
            "rewards": [{
                "type": "stack",
                "stack":{
                   "item": "gothic:magic_ore_nugget",
                   "count": 10
                }
            }],
            "max_wave_time": 950,
            "setup_time": 200
        },
        {
            "entities": [{
                    "entity": "gothic:snapper"
                },
                {
                    "entity": "gothic:snapper"
                },
                {
                    "entity": "gothic:lurker"
                },
				{
                    "entity": "gothic:lurker"
                },
                {
                    "entity": "gothic:dragon_snapper"
                },
                {
                    "entity": "gothic:dragon_snapper"
                },
                {
                    "entity": "gothic:dragon_snapper"
                },
                {
                    "entity": "gothic:shadowbeast"
                },
                {
                    "entity": "gothic:razor"
                },
                {
                    "entity": "gothic:razor"
                },
                {
                    "entity": "gothic:dragon_snapper"
                },
                {
                    "entity": "gothic:shadowbeast"
                },
                {
                    "entity": "gothic:razor"
                },
                {
                    "entity": "gothic:razor"
                }
            ],
            "modifiers": [{
                    "attribute": "generic.max_health",
                    "operation": "MULTIPLY_TOTAL",
                    "value": 1.25
                },
                {
                    "attribute": "generic.armor",
                    "operation": "ADDITION",
                    "value": 6
                },
                {
                    "attribute": "generic.attack_damage",
                    "operation": "MULTIPLY_TOTAL",
                    "value": 0.85
                },
                {
                    "attribute": "generic.knockback_resistance",
                    "operation": "ADDITION",
                    "value": 0.20
                },
                {
                    "attribute": "generic.movement_speed",
                    "operation": "MULTIPLY_TOTAL",
                    "value": 0.20
                }
            ],
            "rewards": [{
                "type": "stack",
                "stack":{
                   "item": "gothic:magic_ore_nugget",
                   "count": 10
                }
            }],
            "max_wave_time": 1050,
            "setup_time": 150
        }
    ],
    "rewards": [{
        "type": "stack",
        "stack":{
            "item": "gothic:magic_ore_nugget",
            "count": 32}
    },
	{
		"type": "stack",
		"stack": {
			"item": "minecraft:nether_star"
		}
	},
	{
		"type": "stack",
		"stack": {
			"item": "nourished_nether:netherite_nugget",
		    "count": 3}
	}],
    "completion_xp": 900,
	"spawn_range": 9
}