{
    "size": "small",
    "leash_range": 64,
    "color": "#71955B",
    "waves": [{
            "entities": [{
                    "entity": "gothic:scavenger"
                },
                {
                    "entity": "gothic:scavenger"
                }
            ],
            "rewards": [{
                "type": "stack",
                "stack":{
                   "item": "gothic:magic_ore_nugget",
                   "count": 1
                }
            }],
            "max_wave_time": 750,
            "setup_time": 150
        },
        {
            "entities": [{
                    "entity": "gothic:molerat"
                },
                {
                    "entity": "gothic:molerat"
                }
            ],
            "modifiers": [{
                    "attribute": "generic.max_health",
                    "operation": "MULTIPLY_TOTAL",
                    "value": 0.33
                },
                {
                    "attribute": "generic.armor",
                    "operation": "ADDITION",
                    "value": 2.5
                },
                {
                    "attribute": "generic.attack_damage",
                    "operation": "MULTIPLY_TOTAL",
                    "value": 0.33
                },
                {
                    "attribute": "generic.knockback_resistance",
                    "operation": "ADDITION",
                    "value": 0.05
                },
                {
                    "attribute": "generic.movement_speed",
                    "operation": "MULTIPLY_TOTAL",
                    "value": 0.05
                }
            ],
            "rewards": [{
                "type": "stack",
                "stack":{
                   "item": "gothic:magic_ore_nugget",
                   "count": 2
                }
            }],
            "max_wave_time": 750,
            "setup_time": 150
        },
        {
            "entities": [{
                    "entity": "gothic:molerat"
                },
                {
                    "entity": "gothic:gothic_wolf"
                },
                {
                    "entity": "gothic:bloodfly"
                },
                {
                    "entity": "gothic:lurker"
                }
            ],
            "modifiers": [{
                    "attribute": "generic.max_health",
                    "operation": "MULTIPLY_TOTAL",
                    "value": 0.66
                },
                {
                    "attribute": "generic.armor",
                    "operation": "ADDITION",
                    "value": 4
                },
                {
                    "attribute": "generic.attack_damage",
                    "operation": "MULTIPLY_TOTAL",
                    "value": 0.5
                },
                {
                    "attribute": "generic.knockback_resistance",
                    "operation": "ADDITION",
                    "value": 0.10
                },
                {
                    "attribute": "generic.movement_speed",
                    "operation": "MULTIPLY_TOTAL",
                    "value": 0.10
                }
            ],
            "rewards": [{
                "type": "stack",
                "stack":{
                   "item": "gothic:magic_ore_nugget",
                   "count": 2
                }
            }],
            "max_wave_time": 750,
            "setup_time": 150
        },
        {
            "entities": [{
                    "entity": "gothic:gothic_wolf"
                },
                {
                    "entity": "gothic:gothic_wolf"
                },
                {
                    "entity": "gothic:lurker"
                },
                {
                    "entity": "gothic:lurker"
                }
            ],
            "modifiers": [{
                    "attribute": "generic.max_health",
                    "operation": "MULTIPLY_TOTAL",
                    "value": 0.85
                },
                {
                    "attribute": "generic.armor",
                    "operation": "ADDITION",
                    "value": 5
                },
                {
                    "attribute": "generic.attack_damage",
                    "operation": "MULTIPLY_TOTAL",
                    "value": 0.66
                },
                {
                    "attribute": "generic.knockback_resistance",
                    "operation": "ADDITION",
                    "value": 0.15
                },
                {
                    "attribute": "generic.movement_speed",
                    "operation": "MULTIPLY_TOTAL",
                    "value": 0.15
                }
            ],
            "rewards": [{
                "type": "stack",
                "stack":{
                   "item": "gothic:magic_ore_nugget",
                   "count": 2
                }
            }],
            "max_wave_time": 800,
            "setup_time": 200
        },
        {
            "entities": [{
                    "entity": "gothic:snapper"
                },
                {
                    "entity": "gothic:snapper"
                },
                {
                    "entity": "gothic:lurker"
                },
                {
                    "entity": "gothic:lurker"
                },
                {
                    "entity": "gothic:lurker"
                }
            ],
            "modifiers": [{
                    "attribute": "generic.max_health",
                    "operation": "MULTIPLY_TOTAL",
                    "value": 1.25
                },
                {
                    "attribute": "generic.armor",
                    "operation": "ADDITION",
                    "value": 6
                },
                {
                    "attribute": "generic.attack_damage",
                    "operation": "MULTIPLY_TOTAL",
                    "value": 0.85
                },
                {
                    "attribute": "generic.knockback_resistance",
                    "operation": "ADDITION",
                    "value": 0.20
                },
                {
                    "attribute": "generic.movement_speed",
                    "operation": "MULTIPLY_TOTAL",
                    "value": 0.20
                }
            ],
            "rewards": [{
                "type": "stack",
                "stack":{
                   "item": "gothic:magic_ore_nugget",
                   "count": 4
                }
            }],
            "max_wave_time": 900,
            "setup_time": 200
        }
    ],
    "rewards": [{
        "type": "stack",
        "stack":{
            "item": "gothic:magic_ore_nugget",
            "count": 12
    }
    },
	{
		"type": "stack",
		"stack": {
			"item": "nourished_nether:netherite_nugget",
		    "count": 1}
	}],
    "completion_xp": 250,
	"spawn_range": 5
}