{
    "size": "small",
    "leash_range": 164,
    "color": "#CC00FA",
	"leash_range": 64,
    "waves": [{
            "entities": [{
                    "entity": "minecraft:enderman"
                },
                {
                    "entity": "minecraft:enderman"
                }
            ],
            "rewards": [{
                "type": "stack",
                "stack":{
                   "item": "gothic:magic_ore_nugget",
                   "count": 2
                }
            }],
            "max_wave_time": 750,
            "setup_time": 150
        },
        {
            "entities": [{
                    "entity": "minecraft:enderman"
                },
                {
                    "entity": "unusualend:undead_enderling"
                }
            ],
            "modifiers": [{
                    "attribute": "generic.max_health",
                    "operation": "MULTIPLY_TOTAL",
                    "value": 0.33
                },
                {
                    "attribute": "generic.armor",
                    "operation": "ADDITION",
                    "value": 2.5
                },
                {
                    "attribute": "generic.attack_damage",
                    "operation": "MULTIPLY_TOTAL",
                    "value": 0.33
                },
                {
                    "attribute": "generic.knockback_resistance",
                    "operation": "ADDITION",
                    "value": 0.05
                },
                {
                    "attribute": "generic.movement_speed",
                    "operation": "MULTIPLY_TOTAL",
                    "value": 0.05
                }
            ],
            "rewards": [{
                "type": "stack",
                "stack":{
                   "item": "gothic:magic_ore_nugget",
                   "count": 4
                }
            }],
            "max_wave_time": 750,
            "setup_time": 150
        },
        {
            "entities": [{
                    "entity": "minecraft:enderman"
                },
                {
                    "entity": "minecraft:enderman"
                },
                {
                    "entity": "minecraft:enderman"
                },
                {
                    "entity": "unusualend:undead_enderling"
                }
            ],
            "modifiers": [{
                    "attribute": "generic.max_health",
                    "operation": "MULTIPLY_TOTAL",
                    "value": 0.66
                },
                {
                    "attribute": "generic.armor",
                    "operation": "ADDITION",
                    "value": 4
                },
                {
                    "attribute": "generic.attack_damage",
                    "operation": "MULTIPLY_TOTAL",
                    "value": 0.5
                },
                {
                    "attribute": "generic.knockback_resistance",
                    "operation": "ADDITION",
                    "value": 0.10
                },
                {
                    "attribute": "generic.movement_speed",
                    "operation": "MULTIPLY_TOTAL",
                    "value": 0.10
                }
            ],
            "rewards": [{
                "type": "stack",
                "stack":{
                   "item": "gothic:magic_ore_nugget",
                   "count": 6
                }
            }],
            "max_wave_time": 750,
            "setup_time": 150
        },
        {
            "entities": [{
                    "entity": "minecraft:enderman"
                },
                {
                    "entity": "minecraft:enderman"
                },
                {
                    "entity": "graveyard:nightmare"
                },
                {
                    "entity": "unusualend:undead_enderling"
                }
            ],
            "modifiers": [{
                    "attribute": "generic.max_health",
                    "operation": "MULTIPLY_TOTAL",
                    "value": 0.85
                },
                {
                    "attribute": "generic.armor",
                    "operation": "ADDITION",
                    "value": 5
                },
                {
                    "attribute": "generic.attack_damage",
                    "operation": "MULTIPLY_TOTAL",
                    "value": 0.66
                },
                {
                    "attribute": "generic.knockback_resistance",
                    "operation": "ADDITION",
                    "value": 0.15
                },
                {
                    "attribute": "generic.movement_speed",
                    "operation": "MULTIPLY_TOTAL",
                    "value": 0.15
                }
            ],
            "rewards": [{
                "type": "stack",
                "stack":{
                   "item": "gothic:magic_ore_nugget",
                   "count": 8
                }
            }],
            "max_wave_time": 750,
            "setup_time": 150
        },
        {
            "entities": [{
                    "entity": "minecraft:enderman"
                },
                {
                    "entity": "minecraft:enderman"
                },
                {
                    "entity": "minecraft:enderman"
                },
                {
                    "entity": "graveyard:nightmare"
                },
                {
                    "entity": "unusualend:undead_enderling"
                }
            ],
            "modifiers": [{
                    "attribute": "generic.max_health",
                    "operation": "MULTIPLY_TOTAL",
                    "value": 1.25
                },
                {
                    "attribute": "generic.armor",
                    "operation": "ADDITION",
                    "value": 6
                },
                {
                    "attribute": "generic.attack_damage",
                    "operation": "MULTIPLY_TOTAL",
                    "value": 0.85
                },
                {
                    "attribute": "generic.knockback_resistance",
                    "operation": "ADDITION",
                    "value": 0.20
                },
                {
                    "attribute": "generic.movement_speed",
                    "operation": "MULTIPLY_TOTAL",
                    "value": 0.20
                }
            ],
            "rewards": [{
                "type": "stack",
                "stack":{
                   "item": "gothic:magic_ore_nugget",
                   "count": 12
                }
            }],
            "max_wave_time": 850,
            "setup_time": 150
        }
    ],
    "rewards": [{
        "type": "entity_loot",
        "entity": "minecraft:enderman",
        "rolls": 10
    },
	{
		"type": "stack",
		"stack": {
			"item": "nourished_nether:netherite_nugget",
		    "count": 1}
	}],
    "completion_xp": 250,
	"spawn_range": 5
}