{
    "size": "large",
    "leash_range": 64,
    "color": "#D3D3D3",
    "waves": [{
            "entities": [{
                    "entity": "minecraft:skeleton"
                },
                {
                    "entity": "minecraft:skeleton"
                },
                {
                    "entity": "minecraft:skeleton"
                },
				{
                    "entity": "minecraft:skeleton"
                },
                {
                    "entity": "minecraft:skeleton"
                },
                {
                    "entity": "graveyard:skeleton_creeper"
                }
            ],
            "rewards": [{
                "type": "stack",
                "stack":{
                   "item": "gothic:magic_ore_nugget",
                   "count": 4
                }
            }],
            "max_wave_time": 750,
            "setup_time": 150
        },
        {
            "entities": [{
                    "entity": "graveyard:wraith"
                },
                {
                    "entity": "graveyard:wraith"
                },
                {
                    "entity": "graveyard:wraith"
                },
				{
                    "entity": "graveyard:revenant"
                },
                {
                    "entity": "graveyard:revenant"
                },
                {
                    "entity": "graveyard:revenant"
                }
            ],
            "modifiers": [{
                    "attribute": "generic.max_health",
                    "operation": "MULTIPLY_TOTAL",
                    "value": 0.33
                },
                {
                    "attribute": "generic.armor",
                    "operation": "ADDITION",
                    "value": 2.5
                },
                {
                    "attribute": "generic.attack_damage",
                    "operation": "MULTIPLY_TOTAL",
                    "value": 0.33
                },
                {
                    "attribute": "generic.knockback_resistance",
                    "operation": "ADDITION",
                    "value": 0.05
                },
                {
                    "attribute": "generic.movement_speed",
                    "operation": "MULTIPLY_TOTAL",
                    "value": 0.05
                }
            ],
            "rewards": [{
                "type": "stack",
                "stack":{
                   "item": "gothic:magic_ore_nugget",
                   "count": 6
                }
            }],
            "max_wave_time": 750,
            "setup_time": 150
        },
        {
            "entities": [{
                    "entity": "graveyard:ghoul"
                },
                {
                    "entity": "graveyard:wraith"
                },
                {
                    "entity": "graveyard:wraith"
                },
				{
                    "entity": "graveyard:wraith"
                },
                {
                    "entity": "graveyard:reaper"
                },
                {
                    "entity": "graveyard:reaper"
                },
                {
                    "entity": "graveyard:reaper"
                },
                {
                    "entity": "graveyard:ghoul"
                }
            ],
            "modifiers": [{
                    "attribute": "generic.max_health",
                    "operation": "MULTIPLY_TOTAL",
                    "value": 0.66
                },
                {
                    "attribute": "generic.armor",
                    "operation": "ADDITION",
                    "value": 4
                },
                {
                    "attribute": "generic.attack_damage",
                    "operation": "MULTIPLY_TOTAL",
                    "value": 0.5
                },
                {
                    "attribute": "generic.knockback_resistance",
                    "operation": "ADDITION",
                    "value": 0.10
                },
                {
                    "attribute": "generic.movement_speed",
                    "operation": "MULTIPLY_TOTAL",
                    "value": 0.10
                }
            ],
            "rewards": [{
                "type": "stack",
                "stack":{
                   "item": "gothic:magic_ore_nugget",
                   "count": 8
                }
            }],
            "max_wave_time": 850,
            "setup_time": 150
        },
        {
            "entities": [{
                    "entity": "graveyard:ghoul"
                },
                {
                    "entity": "graveyard:ghoul"
                },
                {
                    "entity": "graveyard:ghoul"
                },
				{
                    "entity": "graveyard:ghoul"
                },
                {
                    "entity": "graveyard:ghoul"
                },
                {
                    "entity": "graveyard:ghoul"
                },
                {
                    "entity": "graveyard:reaper"
                },
                {
                    "entity": "graveyard:reaper"
                },
                {
                    "entity": "graveyard:reaper"
                },
                {
                    "entity": "mutantmonsters:mutant_skeleton"
                }
            ],
            "modifiers": [{
                    "attribute": "generic.max_health",
                    "operation": "MULTIPLY_TOTAL",
                    "value": 0.85
                },
                {
                    "attribute": "generic.armor",
                    "operation": "ADDITION",
                    "value": 5
                },
                {
                    "attribute": "generic.attack_damage",
                    "operation": "MULTIPLY_TOTAL",
                    "value": 0.66
                },
                {
                    "attribute": "generic.knockback_resistance",
                    "operation": "ADDITION",
                    "value": 0.15
                },
                {
                    "attribute": "generic.movement_speed",
                    "operation": "MULTIPLY_TOTAL",
                    "value": 0.15
                }
            ],
            "rewards": [{
                "type": "stack",
                "stack":{
                   "item": "gothic:magic_ore_nugget",
                   "count": 10
                }
            }],
            "max_wave_time": 950,
            "setup_time": 150
        },
        {
            "entities": [{
                    "entity": "minecraft:wither_skeleton"
                },
                {
                    "entity": "minecraft:wither_skeleton"
                },
                {
                    "entity": "minecraft:wither_skeleton"
                },
				{
                    "entity": "minecraft:wither_skeleton"
                },
                {
                    "entity": "minecraft:wither_skeleton"
                },
                {
                    "entity": "minecraft:wither_skeleton"
                },
                {
                    "entity": "minecraft:wither_skeleton"
                },
				{
                    "entity": "minecraft:wither_skeleton"
                },
				{
                    "entity": "minecraft:wither_skeleton"
                },
                {
                    "entity": "minecraft:wither_skeleton"
                },
                {
                    "entity": "minecraft:wither_skeleton"
                },
				{
                    "entity": "graveyard:wraith"
                },
                {
                    "entity": "graveyard:wraith"
                },
                {
                    "entity": "graveyard:wraith"
                },
                {
                    "entity": "graveyard:wraith"
                }
            ],
            "modifiers": [{
                    "attribute": "generic.max_health",
                    "operation": "MULTIPLY_TOTAL",
                    "value": 1.25
                },
                {
                    "attribute": "generic.armor",
                    "operation": "ADDITION",
                    "value": 6
                },
                {
                    "attribute": "generic.attack_damage",
                    "operation": "MULTIPLY_TOTAL",
                    "value": 0.85
                },
                {
                    "attribute": "generic.knockback_resistance",
                    "operation": "ADDITION",
                    "value": 0.20
                },
                {
                    "attribute": "generic.movement_speed",
                    "operation": "MULTIPLY_TOTAL",
                    "value": 0.20
                }
            ],
            "rewards": [{
                "type": "entity_loot",
                "entity": "minecraft:wither_skeleton",
                "rolls": 6
            }],
            "max_wave_time": 1050,
            "setup_time": 150
        }
    ],
    "rewards": [{
        "type": "stack",
        "stack":{
            "item": "gothic:magic_ore_nugget",
            "count": 16}
    },
	{
		"type": "stack",
		"stack": {
			"item": "minecraft:totem_of_undying",
		    "count": 3}
	},
	{
		"type": "stack",
		"stack": {
			"item": "nourished_nether:netherite_nugget",
		    "count": 3}
	}],
    "completion_xp": 1000,
	"spawn_range": 9
}