{
    "size": "large",
    "leash_range": 64,
    "color": "#71955B",
    "waves": [{
            "entities": [{
                    "entity": "zombiemobs:zombie_ocelot"
                },
                {
                    "entity": "zombiemobs:zombie_ocelot"
                },
                {
                    "entity": "zombiemobs:zombie_ocelot"
                },
				{
                    "entity": "zombiemobs:zombie_cat"
                },
                {
                    "entity": "zombiemobs:zombie_cat"
                },
                {
                    "entity": "zombiemobs:zombie_cat"
                }
            ],
            "rewards": [{
                "type": "stack",
                "stack":{
                   "item": "gothic:magic_ore_nugget",
                   "count": 4
                }
            }],
            "max_wave_time": 750,
            "setup_time": 150
        },
        {
            "entities": [{
                    "entity": "zombiemobs:zombie_fox"
                },
                {
                    "entity": "zombiemobs:zombie_fox"
                },
                {
                    "entity": "zombiemobs:zombie_fox"
                },
				{
                    "entity": "zombiemobs:zombie_wolf"
                },
                {
                    "entity": "zombiemobs:zombie_wolf"
                },
                {
                    "entity": "zombiemobs:zombie_wolf"
                }
            ],
            "modifiers": [{
                    "attribute": "generic.max_health",
                    "operation": "MULTIPLY_TOTAL",
                    "value": 0.33
                },
                {
                    "attribute": "generic.armor",
                    "operation": "ADDITION",
                    "value": 2.5
                },
                {
                    "attribute": "generic.attack_damage",
                    "operation": "MULTIPLY_TOTAL",
                    "value": 0.33
                },
                {
                    "attribute": "generic.knockback_resistance",
                    "operation": "ADDITION",
                    "value": 0.05
                },
                {
                    "attribute": "generic.movement_speed",
                    "operation": "MULTIPLY_TOTAL",
                    "value": 0.05
                }
            ],
            "rewards": [{
                "type": "stack",
                "stack":{
                   "item": "gothic:magic_ore_nugget",
                   "count": 6
                }
            }],
            "max_wave_time": 750,
            "setup_time": 150
        },
        {
            "entities": [{
                    "entity": "zombiemobs:zombie_llama"
                },
                {
                    "entity": "zombiemobs:zombie_llama"
                },
                {
                    "entity": "zombiemobs:zombie_llama"
                },
				{
                    "entity": "zombiemobs:zombie_llama"
                },
                {
                    "entity": "zombiemobs:zombie_llama"
                },
                {
                    "entity": "zombiemobs:zombie_llama"
                },
                {
                    "entity": "zombiemobs:zombie_llama"
                },
                {
                    "entity": "zombiemobs:zombie_llama"
                }
            ],
            "modifiers": [{
                    "attribute": "generic.max_health",
                    "operation": "MULTIPLY_TOTAL",
                    "value": 0.66
                },
                {
                    "attribute": "generic.armor",
                    "operation": "ADDITION",
                    "value": 4
                },
                {
                    "attribute": "generic.attack_damage",
                    "operation": "MULTIPLY_TOTAL",
                    "value": 0.5
                },
                {
                    "attribute": "generic.knockback_resistance",
                    "operation": "ADDITION",
                    "value": 0.10
                },
                {
                    "attribute": "generic.movement_speed",
                    "operation": "MULTIPLY_TOTAL",
                    "value": 0.10
                }
            ],
            "rewards": [{
                "type": "stack",
                "stack":{
                   "item": "gothic:magic_ore_nugget",
                   "count": 8
                }
            }],
            "max_wave_time": 850,
            "setup_time": 150
        },
        {
            "entities": [{
                    "entity": "zombiemobs:zombie_bear"
                },
                {
                    "entity": "zombiemobs:zombie_bear"
                },
                {
                    "entity": "zombiemobs:zombie_turtle"
                },
				{
                    "entity": "zombiemobs:zombie_horsee"
                },
                {
                    "entity": "zombiemobs:zombie_turtle"
                },
                {
                    "entity": "zombiemobs:zombie_dolphin"
                },
                {
                    "entity": "zombiemobs:zombie_mule"
                },
                {
                    "entity": "zombiemobs:zombie_mule"
                },
                {
                    "entity": "zombiemobs:zombie_llama"
                },
                {
                    "entity": "zombiemobs:zombie_llama"
                }
            ],
            "modifiers": [{
                    "attribute": "generic.max_health",
                    "operation": "MULTIPLY_TOTAL",
                    "value": 0.85
                },
                {
                    "attribute": "generic.armor",
                    "operation": "ADDITION",
                    "value": 5
                },
                {
                    "attribute": "generic.attack_damage",
                    "operation": "MULTIPLY_TOTAL",
                    "value": 0.66
                },
                {
                    "attribute": "generic.knockback_resistance",
                    "operation": "ADDITION",
                    "value": 0.15
                },
                {
                    "attribute": "generic.movement_speed",
                    "operation": "MULTIPLY_TOTAL",
                    "value": 0.15
                }
            ],
            "rewards": [{
                "type": "stack",
                "stack":{
                   "item": "gothic:magic_ore_nugget",
                   "count": 10
                }
            }],
            "max_wave_time": 850,
            "setup_time": 200
        },
        {
            "entities": [{
                    "entity": "zombiemobs:zombie_bear"
                },
                {
                    "entity": "zombiemobs:zombie_bear"
                },
                {
                    "entity": "zombiemobs:zombie_turtle"
                },
				{
                    "entity": "zombiemobs:zombie_horsee"
                },
                {
                    "entity": "zombiemobs:zombie_turtle"
                },
                {
                    "entity": "zombiemobs:zombie_dolphin"
                },
                {
                    "entity": "zombiemobs:zombie_mule"
                },
                {
                    "entity": "zombiemobs:zombie_mule"
                },
                {
                    "entity": "zombiemobs:zombie_llama"
                },
                {
                    "entity": "zombiemobs:zombie_bear"
                },
                {
                    "entity": "zombiemobs:zombie_bear"
                },
                {
                    "entity": "zombiemobs:zombie_squid"
                },
                {
                    "entity": "zombiemobs:zombie_panda"
                },
                {
                    "entity": "zombiemobs:zombie_panda"
                }
            ],
            "modifiers": [{
                    "attribute": "generic.max_health",
                    "operation": "MULTIPLY_TOTAL",
                    "value": 1.25
                },
                {
                    "attribute": "generic.armor",
                    "operation": "ADDITION",
                    "value": 6
                },
                {
                    "attribute": "generic.attack_damage",
                    "operation": "MULTIPLY_TOTAL",
                    "value": 0.85
                },
                {
                    "attribute": "generic.knockback_resistance",
                    "operation": "ADDITION",
                    "value": 0.20
                },
                {
                    "attribute": "generic.movement_speed",
                    "operation": "MULTIPLY_TOTAL",
                    "value": 0.20
                }
            ],
            "rewards": [{
                "type": "stack",
                "stack":{
                   "item": "gothic:magic_ore_nugget",
                   "count": 10
                }
            }],
            "max_wave_time": 850,
            "setup_time": 150
        }
    ],
    "rewards": [{
        "type": "stack",
        "stack":{
            "item": "gothic:magic_ore_nugget",
            "count": 16}
    },
	{
		"type": "stack",
		"stack": {
			"item": "magistuarmory:steel_ingot",
		    "count": 32}
	},
	{
		"type": "stack",
		"stack": {
			"item": "minecraft:diamond",
		    "count": 3}
	},
	{
		"type": "stack",
		"stack": {
			"item": "nourished_nether:netherite_nugget",
		    "count": 3}
	}],
    "completion_xp": 700,
	"spawn_range": 9
}