{
  "type": "create:crushing",
  "ingredients": [
    {
      "tag": "create:stone_types/tuff"
    }
  ],
  "processingTime": 350,
  "results": [
    {
      "chance": 0.25,
      "item": "minecraft:flint"
    },
    {
      "chance": 0.1,
      "item": "minecraft:gold_nugget"
    },
    {
      "chance": 0.1,
      "item": "create:copper_nugget"
    },
    {
      "chance": 0.1,
      "item": "create:zinc_nugget"
    },
    {
      "chance": 0.1,
      "item": "minecraft:iron_nugget"
    }
  ]
}