{
	"credit": "Made by Vega_Senpai",
	"textures": {
		"0": "item/bat_spawn_egg"
	},
	"elements": [
		{
			"name": "head",
			"from": [5, 7, -6],
			"to": [11, 13, 0],
			"shade": false,
			"rotation": {"angle": 45, "axis": "x", "origin": [-11, 4, 14]},
			"faces": {
				"north": {"uv": [1.5, 1.5, 3, 3], "texture": "#0"},
				"east": {"uv": [0, 1.5, 1.5, 3], "texture": "#0"},
				"south": {"uv": [4.5, 1.5, 6, 3], "texture": "#0"},
				"west": {"uv": [3, 1.5, 4.5, 3], "texture": "#0"},
				"up": {"uv": [3, 1.5, 1.5, 0], "texture": "#0"},
				"down": {"uv": [3, 0, 4.5, 1.5], "texture": "#0"}
			}
		},
		{
			"name": "leftEar",
			"from": [4, 12, -5],
			"to": [7, 16, -4],
			"rotation": {"angle": 45, "axis": "x", "origin": [-11, 4, 14]},
			"faces": {
				"north": {"uv": [7, 0.25, 6.25, 1.25], "texture": "#0"},
				"east": {"uv": [7.25, 0.25, 7, 1.25], "texture": "#0"},
				"south": {"uv": [8, 0.25, 7.25, 1.25], "texture": "#0"},
				"west": {"uv": [6.25, 0.25, 6, 1.25], "texture": "#0"},
				"up": {"uv": [7, 0, 6.25, 0.25], "texture": "#0"},
				"down": {"uv": [7.75, 0, 7, 0.25], "texture": "#0"}
			}
		},
		{
			"name": "leftEar",
			"from": [9, 12, -5],
			"to": [12, 16, -4],
			"rotation": {"angle": 45, "axis": "x", "origin": [-11, 4, 14]},
			"faces": {
				"north": {"uv": [6.25, 0.25, 7, 1.25], "texture": "#0"},
				"east": {"uv": [6, 0.25, 6.25, 1.25], "texture": "#0"},
				"south": {"uv": [7.25, 0.25, 8, 1.25], "texture": "#0"},
				"west": {"uv": [7, 0.25, 7.25, 1.25], "texture": "#0"},
				"up": {"uv": [6.25, 0, 7, 0.25], "texture": "#0"},
				"down": {"uv": [7, 0, 7.75, 0.25], "texture": "#0"}
			}
		},
		{
			"name": "body",
			"from": [3, -2, 7],
			"to": [13, 4, 7.01],
			"shade": false,
			"rotation": {"angle": 0, "axis": "x", "origin": [-11, 4, 15]},
			"faces": {
				"north": {"uv": [0.25, 8.75, 2.75, 10.25], "texture": "#0"},
				"south": {"uv": [0.25, 8.75, 2.75, 10.25], "texture": "#0"}
			}
		},
		{
			"name": "body",
			"from": [5, 4, 3],
			"to": [11, 16, 9],
			"shade": false,
			"rotation": {"angle": 0, "axis": "x", "origin": [-11, 4, 14]},
			"faces": {
				"north": {"uv": [1.5, 5.5, 3, 8.5], "texture": "#0"},
				"east": {"uv": [0, 5.5, 1.5, 8.5], "texture": "#0"},
				"south": {"uv": [4.5, 5.5, 6, 8.5], "texture": "#0"},
				"west": {"uv": [3, 5.5, 4.5, 8.5], "texture": "#0"},
				"up": {"uv": [1.5, 4, 3, 5.5], "texture": "#0"},
				"down": {"uv": [3, 4, 4.5, 5.5], "texture": "#0"}
			}
		},
		{
			"name": "rightWing",
			"from": [23.5, 3, 7.85],
			"to": [23.51, 19, 17.85],
			"shade": false,
			"rotation": {"angle": 45, "axis": "y", "origin": [18, 4, 25]},
			"faces": {
				"east": {"uv": [10.75, 0, 13.25, 4], "texture": "#0"},
				"west": {"uv": [13.25, 0, 10.75, 4], "texture": "#0"}
			}
		},
		{
			"name": "rightWing",
			"from": [-7.5, 3, 7.85],
			"to": [-7.49, 19, 17.85],
			"shade": false,
			"rotation": {"angle": -45, "axis": "y", "origin": [-2, 4, 25]},
			"faces": {
				"east": {"uv": [10.75, 0, 13.25, 4], "texture": "#0"},
				"west": {"uv": [13.25, 0, 10.75, 4], "texture": "#0"}
			}
		},
		{
			"name": "rightWingTip",
			"from": [20, 6, 17.75],
			"to": [20.01, 18, 25.75],
			"shade": false,
			"rotation": {"angle": 22.5, "axis": "y", "origin": [14, 4, 25]},
			"faces": {
				"east": {"uv": [6.25, 4, 8.25, 7], "texture": "#0"},
				"west": {"uv": [8.25, 4, 6.25, 7], "texture": "#0"}
			}
		},
		{
			"name": "rightWingTip",
			"from": [-4, 6, 17.75],
			"to": [-3.99, 18, 25.75],
			"shade": false,
			"rotation": {"angle": -22.5, "axis": "y", "origin": [2, 4, 25]},
			"faces": {
				"east": {"uv": [6.25, 4, 8.25, 7], "texture": "#0"},
				"west": {"uv": [8.25, 4, 6.25, 7], "texture": "#0"}
			}
		}
	],
	"display": {
		"thirdperson_righthand": {
			"rotation": [0, 50, 0],
			"translation": [-1.25, 0, 0],
			"scale": [0.2, 0.2, 0.2]
		},
		"thirdperson_lefthand": {
			"rotation": [0, 50, 0],
			"translation": [1.25, 0, 0],
			"scale": [0.2, 0.2, 0.2]
		},
		"firstperson_righthand": {
			"rotation": [80, 150, -70],
			"translation": [2, 2, 0.5],
			"scale": [0.3, 0.3, 0.3]
		},
		"firstperson_lefthand": {
			"rotation": [80, 150, -70],
			"translation": [2, 2, 0.5],
			"scale": [0.3, 0.3, 0.3]
		},
		"ground": {
			"rotation": [-60, 0, 0],
			"translation": [0, 1.5, 0],
			"scale": [0.2, 0.2, 0.2]
		},
		"gui": {
			"rotation": [-100, 30, 140],
			"translation": [-0.25, -2.5, 0],
			"scale": [0.5, 0.5, 0.5]
		},
		"head": {
			"rotation": [-50, 0, 0],
			"translation": [0, 11, 0],
			"scale": [0.3, 0.3, 0.3]
		},
		"fixed": {
			"rotation": [-150, 0, 0],
			"translation": [0, 0, -8],
			"scale": [0.3, 0.3, 0.3]
		}
	}
}